pair,variant,ssim,edge_corr,palette,facet_ratio,facets_per_mp,source_facets_per_mp
qru8_r12_105__org_cfg35,org_cfg35,0.519,0.552,19.73,0.56,199.3,358.5
qru8_r12_033__org_cfg35,org_cfg35,0.577,0.189,17.65,0.21,285.9,1333.8
qru8_r12_080__org_cfg35,org_cfg35,0.618,0.52,15.24,1.64,826.5,505.5
qru8_r12_087__org_cfg35,org_cfg35,0.691,0.593,9.15,0.52,648.9,1238.3
qru8_r12_067__org_cfg35,org_cfg35,0.458,0.387,30.57,0.59,675.0,1152.1
qru8_r12_100__org_cfg35,org_cfg35,0.581,0.259,16.32,0.74,1003.9,1357.8
qru8_r12_058__org_cfg35,org_cfg35,0.419,0.491,11.48,0.21,439.3,2065.3
qru8_r12_045__org_cfg35,org_cfg35,0.631,0.543,15.53,0.38,500.0,1316.7
qru8_r12_029__org_cfg35,org_cfg35,0.77,0.845,9.64,0.25,113.4,457.6
qru8_r12_001__org_cfg35,org_cfg35,0.178,0.567,18.36,0.44,427.5,961.1
qru8_r12_075__org_cfg35,org_cfg35,0.395,0.416,16.24,0.52,277.9,529.5
qru8_r12_099__org_cfg35,org_cfg35,0.692,0.636,16.91,1.71,776.3,454.1
qru8_r12_003__org_cfg35,org_cfg35,0.755,0.798,16.08,0.14,98.8,686.4
qru8_r12_037__org_cfg35,org_cfg35,0.631,0.528,24.76,1.36,842.0,618.1
qru8_r12_038__org_cfg35,org_cfg35,0.812,0.855,17.42,0.47,314.3,667.9
qru8_r12_062__org_cfg35,org_cfg35,0.57,0.495,17.65,1.02,417.1,410.2
qru8_r12_082__org_cfg35,org_cfg35,0.521,0.224,18.16,0.58,445.3,771.5
qru8_r12_024__org_cfg35,org_cfg35,0.702,0.394,12.68,0.26,248.3,940.7
qru8_r12_042__org_cfg35,org_cfg35,0.606,0.419,12.76,0.53,289.3,541.6
qru8_r12_073__org_cfg35,org_cfg35,0.83,0.706,7.76,0.48,460.5,951.0
qru8_r12_115__org_cfg35,org_cfg35,0.586,0.713,33.19,1.03,620.2,602.8
qru8_r12_039__org_cfg35,org_cfg35,0.518,0.46,15.88,0.19,138.7,726.4
qru8_r12_040__org_cfg35,org_cfg35,0.403,0.244,9.95,0.72,794.6,1104.3
qru8_r12_081__org_cfg35,org_cfg35,0.63,0.718,16.13,0.94,569.4,605.4
qru8_r12_114__org_cfg35,org_cfg35,0.47,0.125,22.02,0.48,219.5,458.2
qru8_r12_077__org_cfg35,org_cfg35,0.68,0.684,18.06,1.14,997.5,872.9
qru8_r12_016__org_cfg35,org_cfg35,0.395,0.141,16.52,0.29,212.2,722.4
qru8_r12_056__org_cfg35,org_cfg35,0.641,0.645,16.88,1.78,495.7,279.0
qru8_r12_050__org_cfg35,org_cfg35,0.597,0.49,19.74,0.34,361.7,1059.2
qru8_r12_009__org_cfg35,org_cfg35,0.574,0.547,16.79,0.34,185.8,547.7
qru8_r12_095__org_cfg35,org_cfg35,0.733,0.518,24.41,0.2,276.0,1388.2
qru8_r12_119__org_cfg35,org_cfg35,0.864,0.679,12.76,1.3,886.0,682.3
qru8_r12_118__org_cfg35,org_cfg35,0.491,0.244,13.44,0.61,667.0,1099.2
qru8_r12_090__org_cfg35,org_cfg35,0.499,0.613,21.28,0.27,279.4,1037.8
qru8_r12_085__org_cfg35,org_cfg35,0.719,0.739,12.97,1.13,785.1,696.3
qru8_r12_088__org_cfg35,org_cfg35,0.423,0.34,28.7,0.75,634.6,849.5
qru8_r12_074__org_cfg35,org_cfg35,0.577,0.5,16.15,0.23,136.2,603.0
qru8_r12_053__org_cfg35,org_cfg35,0.643,0.692,12.1,0.57,206.4,363.9
qru8_r12_015__org_cfg35,org_cfg35,0.797,0.86,15.57,0.91,782.9,860.2
qru8_r12_006__org_cfg35,org_cfg35,0.755,0.52,17.76,0.19,300.7,1594.7
wq7t_r13_108__org_cfg35,org_cfg35,0.631,0.773,20.95,0.66,561.7,850.7
wq7t_r13_035__org_cfg35,org_cfg35,0.388,0.423,13.94,0.61,381.9,631.0
wq7t_r13_005__org_cfg35,org_cfg35,0.574,0.722,22.55,1.04,756.4,728.3
wq7t_r13_084__org_cfg35,org_cfg35,0.565,0.536,14.88,0.15,130.6,847.5
wq7t_r13_096__org_cfg35,org_cfg35,0.554,0.538,17.28,0.88,829.9,941.9
wq7t_r13_017__org_cfg35,org_cfg35,0.674,0.716,20.18,0.18,71.5,405.1
wq7t_r13_053__org_cfg35,org_cfg35,0.468,0.154,16.6,0.26,156.3,597.0
wq7t_r13_014__org_cfg35,org_cfg35,0.82,0.835,9.85,0.87,466.3,535.9
wq7t_r13_016__org_cfg35,org_cfg35,0.646,0.337,11.84,0.5,522.4,1040.4
wq7t_r13_004__org_cfg35,org_cfg35,0.579,0.73,21.27,0.49,278.0,562.1
wq7t_r13_019__org_cfg35,org_cfg35,0.36,0.268,8.28,0.22,269.5,1237.8
wq7t_r13_062__org_cfg35,org_cfg35,0.657,0.442,20.97,0.67,631.8,944.7
wq7t_r13_032__org_cfg35,org_cfg35,0.658,0.755,19.95,0.56,173.6,308.9
wq7t_r13_002__org_cfg35,org_cfg35,0.567,0.604,10.67,0.53,380.9,722.3
wq7t_r13_050__org_cfg35,org_cfg35,0.625,0.564,17.41,0.37,360.6,986.9
wq7t_r13_109__org_cfg35,org_cfg35,0.328,0.372,19.63,0.16,260.5,1604.2
wq7t_r13_026__org_cfg35,org_cfg35,0.492,0.273,21.77,1.16,496.5,428.0
wq7t_r13_099__org_cfg35,org_cfg35,0.635,0.361,14.13,0.45,494.7,1093.0
wq7t_r13_061__org_cfg35,org_cfg35,0.794,0.741,21.28,0.35,465.9,1342.6
wq7t_r13_064__org_cfg35,org_cfg35,0.696,0.705,13.07,0.82,454.8,557.6
wq7t_r13_015__org_cfg35,org_cfg35,0.745,0.693,24.22,0.37,269.6,737.6
wq7t_r13_119__org_cfg35,org_cfg35,0.846,0.858,11.44,0.77,571.9,743.5
wq7t_r13_034__org_cfg35,org_cfg35,0.795,0.781,8.74,0.57,433.3,763.8
wq7t_r13_010__org_cfg35,org_cfg35,0.299,0.559,16.77,0.65,428.8,664.2
wq7t_r13_082__org_cfg35,org_cfg35,0.429,0.333,21.79,0.57,646.2,1137.6
wq7t_r13_079__org_cfg35,org_cfg35,0.659,0.45,14.66,1.62,1281.5,791.4
wq7t_r13_083__org_cfg35,org_cfg35,0.455,0.482,34.12,0.98,487.2,495.4
wq7t_r13_048__org_cfg35,org_cfg35,0.404,0.484,26.12,0.93,1038.7,1113.5
wq7t_r13_086__org_cfg35,org_cfg35,0.547,0.55,14.44,0.59,502.0,845.5
wq7t_r13_029__org_cfg35,org_cfg35,0.739,0.64,6.84,0.64,284.7,441.6
wq7t_r13_089__org_cfg35,org_cfg35,0.668,0.649,21.08,0.99,210.4,212.6
wq7t_r13_070__org_cfg35,org_cfg35,0.628,0.689,17.27,0.62,426.0,684.4
wq7t_r13_075__org_cfg35,org_cfg35,0.394,0.122,19.84,1.73,1093.6,632.8
wq7t_r13_068__org_cfg35,org_cfg35,0.571,0.23,26.75,0.51,429.6,841.4
wq7t_r13_067__org_cfg35,org_cfg35,0.045,0.013,11.27,0.97,482.6,496.0
wq7t_r13_011__org_cfg35,org_cfg35,0.73,0.688,18.52,0.4,287.7,721.9
wq7t_r13_028__org_cfg35,org_cfg35,0.489,0.516,29.1,0.57,490.9,868.1
wq7t_r13_060__org_cfg35,org_cfg35,0.791,0.793,16.87,1.01,311.2,306.8
wq7t_r13_104__org_cfg35,org_cfg35,0.553,0.345,12.89,0.34,205.7,608.3
wq7t_r13_074__org_cfg35,org_cfg35,0.503,0.507,11.87,0.36,550.6,1542.5
w98h_r14_044__ultra_cfg35,ultra_cfg35,0.522,0.623,16.73,0.65,291.8,451.1
w98h_r14_081__ultra_cfg35,ultra_cfg35,0.771,0.679,11.27,0.55,883.8,1617.0
w98h_r14_100__ultra_cfg35,ultra_cfg35,0.768,0.771,12.77,1.06,473.8,449.0
w98h_r14_003__ultra_cfg35,ultra_cfg35,0.65,0.654,23.9,0.24,397.4,1623.1
w98h_r14_116__ultra_cfg35,ultra_cfg35,0.652,0.713,15.55,1.13,1206.4,1064.9
w98h_r14_085__ultra_cfg35,ultra_cfg35,0.603,0.536,32.9,1.14,505.5,444.4
w98h_r14_065__ultra_cfg35,ultra_cfg35,0.67,0.59,27.26,0.89,374.3,421.2
w98h_r14_051__ultra_cfg35,ultra_cfg35,0.577,0.48,15.65,0.54,867.7,1614.1
w98h_r14_013__ultra_cfg35,ultra_cfg35,0.807,0.831,19.74,1.05,914.5,872.3
w98h_r14_046__ultra_cfg35,ultra_cfg35,0.325,0.582,18.79,1.16,2147.5,1847.9
w98h_r14_113__ultra_cfg35,ultra_cfg35,0.599,0.446,27.73,1.05,381.7,362.0
w98h_r14_079__ultra_cfg35,ultra_cfg35,0.744,0.753,19.09,0.75,742.7,987.0
w98h_r14_078__ultra_cfg35,ultra_cfg35,0.709,0.517,23.76,1.44,725.6,505.5
w98h_r14_111__ultra_cfg35,ultra_cfg35,0.421,0.016,19.15,0.2,235.0,1187.2
w98h_r14_064__ultra_cfg35,ultra_cfg35,0.691,0.675,19.41,0.38,608.5,1593.2
w98h_r14_008__ultra_cfg35,ultra_cfg35,0.641,0.605,33.29,0.7,757.4,1078.4
w98h_r14_023__ultra_cfg35,ultra_cfg35,0.346,0.65,22.58,0.7,523.2,743.5
w98h_r14_095__ultra_cfg35,ultra_cfg35,0.528,0.164,30.83,0.26,191.3,726.0
w98h_r14_117__ultra_cfg35,ultra_cfg35,0.321,0.296,23.05,0.21,310.2,1510.5
w98h_r14_017__ultra_cfg35,ultra_cfg35,0.629,0.847,26.58,0.12,222.1,1871.4
w98h_r14_107__ultra_cfg35,ultra_cfg35,0.704,0.667,13.0,1.61,1034.7,642.2
w98h_r14_086__ultra_cfg35,ultra_cfg35,0.611,0.579,18.57,0.51,408.6,796.8
w98h_r14_102__ultra_cfg35,ultra_cfg35,0.861,0.844,26.19,0.66,286.4,436.3
w98h_r14_041__ultra_cfg35,ultra_cfg35,0.384,0.351,27.51,0.59,316.0,536.5
w98h_r14_062__ultra_cfg35,ultra_cfg35,0.65,0.739,29.95,1.02,544.6,531.3
w98h_r14_089__ultra_cfg35,ultra_cfg35,0.59,0.616,12.07,1.47,737.8,501.5
w98h_r14_004__ultra_cfg35,ultra_cfg35,0.513,0.24,14.62,0.67,304.6,452.4
w98h_r14_106__ultra_cfg35,ultra_cfg35,0.395,0.285,47.79,0.4,324.8,805.3
w98h_r14_090__ultra_cfg35,ultra_cfg35,0.738,0.645,9.25,0.92,911.6,986.9
w98h_r14_030__ultra_cfg35,ultra_cfg35,0.224,0.547,24.94,0.52,447.5,857.3
w98h_r14_019__ultra_cfg35,ultra_cfg35,0.734,0.756,12.02,0.84,753.6,898.1
w98h_r14_039__ultra_cfg35,ultra_cfg35,0.489,0.387,40.71,0.57,501.6,877.8
w98h_r14_118__ultra_cfg35,ultra_cfg35,0.499,0.492,15.35,0.39,544.9,1411.8
w98h_r14_068__ultra_cfg35,ultra_cfg35,0.681,0.532,19.61,1.04,502.2,483.9
w98h_r14_007__ultra_cfg35,ultra_cfg35,0.629,0.701,21.12,1.0,1422.4,1419.4
w98h_r14_002__ultra_cfg35,ultra_cfg35,0.327,0.115,15.31,0.1,74.7,779.1
w98h_r14_035__ultra_cfg35,ultra_cfg35,0.758,0.689,14.62,0.19,278.0,1458.5
w98h_r14_099__ultra_cfg35,ultra_cfg35,0.561,0.51,37.4,2.86,472.9,165.2
w98h_r14_006__ultra_cfg35,ultra_cfg35,0.476,0.329,13.88,1.05,425.2,406.7
w98h_r14_000__ultra_cfg35,ultra_cfg35,0.595,0.581,20.45,0.74,1218.8,1649.5
