id,batch,source,target,minor_sky_noise,category,photo_prompt,stay_realistic,instruction
p62_006,first-2026-10-04,lora-d-training-set/source/p62_006.jpg,lora-d-training-set/target/p62_006.jpg,,city,"Professional travel photography, a hillside village of white houses with blue shutters above a calm sea, bright afternoon sun, deep blue sky, 28mm lens, true colors",,
p62_049,first-2026-10-04,lora-d-training-set/source/p62_049.jpg,lora-d-training-set/target/p62_049.jpg,,people,"Professional documentary photography, a market vendor weighing apples on an old scale, stacked fruit crates, soft morning light, real hands and textures",,
p62_054,first-2026-10-04,lora-d-training-set/source/p62_054.jpg,lora-d-training-set/target/p62_054.jpg,,food,"Professional food photography, a cup of cappuccino with latte art beside a croissant on a cafe table, morning window light, shallow depth of field",,
p62_055,first-2026-10-04,lora-d-training-set/source/p62_055.jpg,lora-d-training-set/target/p62_055.jpg,,food,"Professional food photography, grilled salmon with lemon and herbs on a white plate, glossy char marks, soft side light, sharp detail",,
p62_063,final-pick-2026-10-05,lora-d-training-set/source/p62_063.jpg,final_picks_2026-10-05/p62_063_teapot.jpg,,object,"Professional still life photography, a ceramic teapot and two cups on a linen cloth, soft morning light, natural shadows, realistic glaze",,
p62_066,first-2026-10-04,lora-d-training-set/source/p62_066.jpg,lora-d-training-set/target/p62_066.jpg,,object,"Professional product photography, a glass bottle of olive oil beside fresh olives and bread, window light, real glass reflections",,
p62_070,final-pick-2026-10-05,lora-d-training-set/source/p62_070.jpg,final_picks_2026-10-05/p62_070_steam_engine.png,,vehicle,"Professional documentary photography, an old steam locomotive crossing a stone viaduct, white steam against green hills, telephoto lens",,
p62_075,first-2026-10-04,lora-d-training-set/source/p62_075.jpg,lora-d-training-set/target/p62_075.jpg,,interior,"Professional interior photography, a sunlit living room with a linen sofa, wooden floor and tall windows, plants in the corner, soft natural light, true color",,
p62_076,first-2026-10-04,lora-d-training-set/source/p62_076.jpg,lora-d-training-set/target/p62_076.jpg,,interior,"Professional interior photography, a cozy cabin interior with a stone fireplace burning, wool blankets and a wooden table, warm firelight",,
p62_083,first-2026-10-04,lora-d-training-set/source/p62_083.jpg,lora-d-training-set/target/p62_083.jpg,,sky,"Professional weather photography, a massive supercell storm cloud over a wheat field, dramatic shafts of light, deep blue and gold, wide-angle lens",,
p62_086,first-2026-10-04,lora-d-training-set/source/p62_086.jpg,lora-d-training-set/target/p62_086.jpg,yes,sky,"Professional nature photography, a waterfall frozen in winter, giant icicles and blue ice, snowy rocks, soft overcast light",,
p62_090,first-2026-10-04,lora-d-training-set/source/p62_090.jpg,lora-d-training-set/target/p62_090.jpg,,sky,"Professional nature photography, a thunderstorm over a calm sea at dusk, lightning bolt in the distance, dark clouds, natural color",,
p62_100,first-2026-10-04,lora-d-training-set/source/p62_100.jpg,lora-d-training-set/target/p62_100.jpg,,craft,"Professional documentary photography, a lighthouse keeper's tower on a rocky cape at sunrise, waves on the rocks, soft orange light",,
p63_017,first-2026-10-04,lora-d-training-set/source/p63_017.jpg,lora-d-training-set/target/p63_017.jpg,,object,"Professional photography, red and white vase sitting atop a table. The vase has a unique design with a red base and white accents, and is decorated with intricate patterns, natural light, realistic, sharp detail, true colours",,
p63_026,first-2026-10-04,lora-d-training-set/source/p63_026.jpg,lora-d-training-set/target/p63_026.jpg,,animal,"Professional photography, man walking a black dog through the woods at night. The man is wearing a white shirt and pants, and the dog is walking alongside him, natural light, realistic, sharp detail, true colours",,
p63_028,first-2026-10-04,lora-d-training-set/source/p63_028.jpg,lora-d-training-set/target/p63_028.jpg,,animal,"Professional photography, close up of a black and red beetle on a white surface. The beetle has a glossy black body with red accents, and its legs are spread out in a relaxed position, natural light, realistic, sharp detail, true colours",,
p63_034,first-2026-10-04,lora-d-training-set/source/p63_034.jpg,lora-d-training-set/target/p63_034.jpg,,landscape,"Professional photography, man in a blue jacket sitting on a bench in front of a grassy field with trees in the background and a clear blue sky above, natural light, realistic, sharp detail, true colours",,
p63_050,first-2026-10-04,lora-d-training-set/source/p63_050.jpg,lora-d-training-set/target/p63_050.jpg,,animal,"Professional photography, brown and white butterfly perched atop a pink flower, surrounded by lush green plants. In the background, there is a blue board and a black object, natural light, realistic, sharp detail, true colours",,
p63_055,first-2026-10-04,lora-d-training-set/source/p63_055.jpg,lora-d-training-set/target/p63_055.jpg,,animal,"Professional photography, close up of a bee on a white surface. The bee has a yellow and black striped body with a black head and antennae, natural light, realistic, sharp detail, true colours",,
p63_057,first-2026-10-04,lora-d-training-set/source/p63_057.jpg,lora-d-training-set/target/p63_057.jpg,,vehicle,"Professional photography, large boat docked in the water with two bicycles parked next to it. On the left side of the image there is a railing, and in the background there are buildings and a clear blue sky, natural light, realistic, sharp detail, true colours",,
p63_060,first-2026-10-04,lora-d-training-set/source/p63_060.jpg,lora-d-training-set/target/p63_060.jpg,,plant,"Professional photography, hoverfly perched on a white flower surrounded by lush green leaves, natural light, realistic, sharp detail, true colours",,
p63_074,first-2026-10-04,lora-d-training-set/source/p63_074.jpg,lora-d-training-set/target/p63_074.jpg,,building,"Professional photography, view of a city from the top of a building, with many buildings, trees, and a body of water in the foreground. The sky is visible in the background, natural light, realistic, sharp detail, true colours",,
p63_087,first-2026-10-04,lora-d-training-set/source/p63_087.jpg,lora-d-training-set/target/p63_087.jpg,,animal,"Professional photography, close up of a common louse on a yellow background. The louse is a small insect with a reddish-brown body and black stripes, natural light, realistic, sharp detail, true colours",,
p63_097,first-2026-10-04,lora-d-training-set/source/p63_097.jpg,lora-d-training-set/target/p63_097.jpg,,building,"Professional photography, close up of a building with a tree in front of it. The building has pillars and arches, and the tree is visible on the right side of the image, natural light, realistic, sharp detail, true colours",,
p63_109,first-2026-10-04,lora-d-training-set/source/p63_109.jpg,lora-d-training-set/target/p63_109.jpg,,vehicle,"Professional photography, group of men in uniform walking down a street next to an aircraft carrier. They are wearing caps and some of them are holding guns, natural light, realistic, sharp detail, true colours",,
p63_141,final-pick-2026-10-05,lora-d-training-set/source/p63_141.jpg,final_picks_2026-10-05/p63_141_white_suit_guy.jpg,,person,"Professional photography, man in a white suit sitting on top of a cement block, surrounded by buckets, a blue cover, and other objects. In the background, there is a person and some rocks, natural light, realistic, sharp detail, true colours",,
p63_145,first-2026-10-04,lora-d-training-set/source/p63_145.jpg,lora-d-training-set/target/p63_145.jpg,,food,"Professional photography, brown and white moth sitting on top of a metal object, which appears to be a bowl, natural light, realistic, sharp detail, true colours",,
p63_146,first-2026-10-04,lora-d-training-set/source/p63_146.jpg,lora-d-training-set/target/p63_146.jpg,,person,"Professional photography, man in a black coat and hat standing next to a tree, holding something in his hand. In the background, there are trees, plants, flowers, a wooden fence, a house, and a sky, natural light, realistic, sharp detail, true colours",,
p63_152,first-2026-10-04,lora-d-training-set/source/p63_152.jpg,lora-d-training-set/target/p63_152.jpg,,object,"Professional photography, large auditorium with blue and white chairs arranged in rows, a table in the center, and a ceiling with lights at the top, natural light, realistic, sharp detail, true colours",,
p63_154,first-2026-10-04,lora-d-training-set/source/p63_154.jpg,lora-d-training-set/target/p63_154.jpg,,object,"Professional photography, grey vase sitting atop a white table, with a wall in the background. The vase has a cylindrical shape with a wide base and a narrow neck, and is decorated with intricate designs, natural light, realistic, sharp detail, true colours",,
p63_163,first-2026-10-04,lora-d-training-set/source/p63_163.jpg,lora-d-training-set/target/p63_163.jpg,,food,"Professional photography, white bowl filled with a fish and vegetables on top of a table. The fish appears to be a herring, with its silver scales glistening in the light, natural light, realistic, sharp detail, true colours",,
p63_167,first-2026-10-04,lora-d-training-set/source/p63_167.jpg,lora-d-training-set/target/p63_167.jpg,,object,"Professional photography, blue vase with a gold handle on a white background. The vase is painted in a combination of blue and gold colors, giving it a luxurious and elegant look, natural light, realistic, sharp detail, true colours",,
p64_001,first-2026-10-04,lora-d-training-set/source/p64_001.jpg,lora-d-training-set/target/p64_001.jpg,,festival,"Professional documentary photography, a lantern festival on a river at dusk, hundreds of paper lanterns floating on dark water, warm reflections, crowd as small silhouettes on the bank, 35mm lens",,
p64_004,first-2026-10-04,lora-d-training-set/source/p64_004.jpg,lora-d-training-set/target/p64_004.jpg,,festival,"Professional documentary photography, hot air balloons rising at dawn over a misty valley, colorful envelopes glowing, soft pink sky, telephoto lens",,
p64_010,first-2026-10-04,lora-d-training-set/source/p64_010.jpg,lora-d-training-set/target/p64_010.jpg,,market,"Professional street photography, a fish market at dawn, silver fish on crushed ice, vendors in rubber aprons, wet floor reflections, cool morning light",,
p64_015,first-2026-10-04,lora-d-training-set/source/p64_015.jpg,lora-d-training-set/target/p64_015.jpg,,night,"Professional night photography, a busy ramen street food alley with steam and warm lanterns, customers at a counter seen from behind, shallow depth of field",,
p64_022,first-2026-10-04,lora-d-training-set/source/p64_022.jpg,lora-d-training-set/target/p64_022.jpg,,architecture,"Professional architectural photography, an old stone arch bridge over a calm river at golden hour, reflections completing the arch, soft warm light",,
p64_023,first-2026-10-04,lora-d-training-set/source/p64_023.jpg,lora-d-training-set/target/p64_023.jpg,,architecture,"Professional architectural photography, a long colonnade of stone pillars with sunlight casting striped shadows on the floor, no people, real stone texture",,
p64_024,first-2026-10-04,lora-d-training-set/source/p64_024.jpg,lora-d-training-set/target/p64_024.jpg,,architecture,"Professional architectural photography, a lighthouse on a cliff with a winding path, green grass, crashing waves, late afternoon light",,
p64_032,final-pick-2026-10-05,lora-d-training-set/source/p64_032.jpg,final_picks_2026-10-05/p64_032_camels.jpg,,desert,"Professional landscape photography, a camel train silhouetted on a dune ridge at sunset, long shadows, warm orange sky, telephoto lens",,
p64_037,final-pick-2026-10-05,lora-d-training-set/source/p64_037.jpg,final_picks_2026-10-05/p64_037_ferry.jpg,,transport,"Professional documentary photography, a ferry crossing a wide river at dawn with commuters on deck, mist, soft pink light, reflections",,
p64_038,first-2026-10-04,lora-d-training-set/source/p64_038.jpg,lora-d-training-set/target/p64_038.jpg,,transport,"Professional documentary photography, an old subway escalator with commuters going up, motion blur, warm tungsten light, tiled walls",,
p64_045,first-2026-10-04,lora-d-training-set/source/p64_045.jpg,lora-d-training-set/target/p64_045.jpg,,hobby,"Professional documentary photography, hands painting a watercolor landscape at a window table, brushes, paint tubes and a glass of water, soft light",,
p64_058,final-pick-2026-10-05,lora-d-training-set/source/p64_058.jpg,final_picks_2026-10-05/p64_058_parfait.jpg,,food,"Professional food photography, a bowl of fresh berries with cream and a spoon on a linen napkin, soft side light, dew on the fruit",,
p64_075,first-2026-10-04,lora-d-training-set/source/p64_075.jpg,lora-d-training-set/target/p64_075.jpg,,people,"Professional documentary photography, two old men playing chess at an outdoor table in a park, autumn leaves, soft light, shallow depth of field",,
p64_076,first-2026-10-04,lora-d-training-set/source/p64_076.jpg,lora-d-training-set/target/p64_076.jpg,,people,"Professional documentary photography, a fisherwoman pulling a rope on a small wooden boat, sea spray, soft morning light",,
p64_079,first-2026-10-04,lora-d-training-set/source/p64_079.jpg,lora-d-training-set/target/p64_079.jpg,,people,"Professional documentary photography, a cyclist in a rain jacket waiting at a red light on a wet city street, reflections, 50mm lens",,
p64_090,first-2026-10-04,lora-d-training-set/source/p64_090.jpg,lora-d-training-set/target/p64_090.jpg,,interior,"Professional interior photography, a sunlit artist's loft with a large window, easels, paint-spattered floor and plants",,
p64_091,first-2026-10-04,lora-d-training-set/source/p64_091.jpg,lora-d-training-set/target/p64_091.jpg,,interior,"Professional interior photography, a spiral staircase in a historic townhouse with a carved wooden rail, soft window light",,
p66_001,rerun-2026-10-04,lora-d-training-set/source/p66_001.jpg,lora-d-training-set/target/p66_001.jpg,,mixed,"Professional documentary photography, a beekeeper in a white suit lifting a frame of honeycomb",,
p66_009,rerun-2026-10-04,lora-d-training-set/source/p66_009.jpg,lora-d-training-set/target/p66_009.jpg,,nature,"Professional nature photography, a hummingbird hovering at a red trumpet flower, wings frozen in sharp detail",,
p66_018,rerun-2026-10-04,lora-d-training-set/source/p66_018.jpg,lora-d-training-set/target/p66_018.jpg,,mixed,"Professional documentary photography, a student reading under a tree on a university lawn in autumn",,
p66_022,rerun-2026-10-04,lora-d-training-set/source/p66_022.jpg,lora-d-training-set/target/p66_022.jpg,,objects,"Professional still life photography, a glass jar of honey with a wooden dipper and a honeycomb piece",,
p66_024,rerun-2026-10-04,lora-d-training-set/source/p66_024.jpg,lora-d-training-set/target/p66_024.jpg,,objects,"Professional product photography, a pair of round glasses folded on an open paperback, soft natural light",,
p66_036,rerun-2026-10-04,lora-d-training-set/source/p66_036.jpg,lora-d-training-set/target/p66_036.jpg,,objects,"Professional still life photography, a violin resting on sheet music in warm lamp light",,
p66_044,rerun-2026-10-04,lora-d-training-set/source/p66_044.jpg,lora-d-training-set/target/p66_044.jpg,,objects,"Professional food photography, a bowl of fresh strawberries with a drizzle of cream, bright natural light",,
p66_049,rerun-2026-10-04,lora-d-training-set/source/p66_049.jpg,lora-d-training-set/target/p66_049.jpg,,interiors,"Professional interior photography, a sunlit yoga studio with wooden floors and mats in rows",,
p66_055,rerun-2026-10-04,lora-d-training-set/source/p66_055.jpg,lora-d-training-set/target/p66_055.jpg,,nature,"Professional landscape photography, a lone pine on a granite outcrop above a sea of morning clouds",,
p66_058,rerun-2026-10-04,lora-d-training-set/source/p66_058.jpg,lora-d-training-set/target/p66_058.jpg,,objects,"Professional food photography, a slice of lemon cake on a ceramic plate with a fork, bright airy kitchen",,
p66_061,rerun-2026-10-04,lora-d-training-set/source/p66_061.jpg,lora-d-training-set/target/p66_061.jpg,yes,vehicles,"Professional documentary photography, a sailboat heeled over in strong wind with spray from the bow",,
p66_063,rerun-2026-10-04,lora-d-training-set/source/p66_063.jpg,lora-d-training-set/target/p66_063.jpg,,city,"Professional urban photography, an empty basketball court between tall brick apartment blocks at dusk, warm window lights",,
p66_064,rerun-2026-10-04,lora-d-training-set/source/p66_064.jpg,lora-d-training-set/target/p66_064.jpg,,mixed,"Professional street photography, an umbrella seller under an awning during heavy rain",,
p66_066,rerun-2026-10-04,lora-d-training-set/source/p66_066.jpg,lora-d-training-set/target/p66_066.jpg,,vehicles,"Professional documentary photography, a fishing boat returning to harbor at dawn with gulls following",,
p66_067,rerun-2026-10-04,lora-d-training-set/source/p66_067.jpg,lora-d-training-set/target/p66_067.jpg,,vehicles,"Professional documentary photography, a tractor plowing a field with a flock of birds behind it",,
p66_070,rerun-2026-10-04,lora-d-training-set/source/p66_070.jpg,lora-d-training-set/target/p66_070.jpg,,people,"Professional lifestyle photography, a cyclist riding along a coastal road at sunset, long shadow on the asphalt",,
p66_071,rerun-2026-10-04,lora-d-training-set/source/p66_071.jpg,lora-d-training-set/target/p66_071.jpg,,vehicles,"Professional documentary photography, a rickshaw driver waiting in a busy street in warm evening light",,
p66_072,rerun-2026-10-04,lora-d-training-set/source/p66_072.jpg,lora-d-training-set/target/p66_072.jpg,,interiors,"Professional interior photography, a minimalist living room with a grey sofa, a rug and afternoon light",,
p66_073,rerun-2026-10-04,lora-d-training-set/source/p66_073.jpg,lora-d-training-set/target/p66_073.jpg,yes,city,"Professional architectural photography, an old stone bridge over a river in a medieval town, reflections in calm water",,
p66_079,rerun-2026-10-04,lora-d-training-set/source/p66_079.jpg,lora-d-training-set/target/p66_079.jpg,,nature,"Professional nature photography, an autumn forest floor covered in red maple leaves with a thin morning mist",,
p66_081,rerun-2026-10-04,lora-d-training-set/source/p66_081.jpg,lora-d-training-set/target/p66_081.jpg,,city,"Professional architectural photography, a desert adobe village at sunset with long shadows and smoke from chimneys",,
p66_085,rerun-2026-10-04,lora-d-training-set/source/p66_085.jpg,lora-d-training-set/target/p66_085.jpg,,people,"Professional lifestyle photography, a grandmother and granddaughter baking cookies in a bright kitchen, flour on the counter",,
p66_097,rerun-2026-10-04,lora-d-training-set/source/p66_097.jpg,lora-d-training-set/target/p66_097.jpg,,mixed,"Professional documentary photography, a ceramic market with stacked bowls and a vendor wrapping cups in paper",,
p66_099,rerun-2026-10-04,lora-d-training-set/source/p66_099.jpg,lora-d-training-set/target/p66_099.jpg,,mixed,"Professional documentary photography, a market flower stall in an old stone arcade with buckets of roses",,
p66_100,rerun-2026-10-04,lora-d-training-set/source/p66_100.jpg,lora-d-training-set/target/p66_100.jpg,,interiors,"Professional interior photography, a train sleeper cabin with a made bed and a view of mountains",,
p66_106,rerun-2026-10-04,lora-d-training-set/source/p66_106.jpg,lora-d-training-set/target/p66_106.jpg,,nature,"Professional wildlife photography, an elephant herd crossing a dusty river at sunset, calves close to their mothers",,
p66_108,rerun-2026-10-04,lora-d-training-set/source/p66_108.jpg,lora-d-training-set/target/p66_108.jpg,,interiors,"Professional interior photography, a clock repair shop with dozens of clocks on the walls",,
p66_109,rerun-2026-10-04,lora-d-training-set/source/p66_109.jpg,lora-d-training-set/target/p66_109.jpg,,people,"Professional documentary photography, a shepherd leading goats down a rocky mountain path at golden hour",,
p66_110,rerun-2026-10-04,lora-d-training-set/source/p66_110.jpg,lora-d-training-set/target/p66_110.jpg,,vehicles,"Professional transport photography, a subway train leaving a tiled station with passengers waiting",,
p66_112,rerun-2026-10-04,lora-d-training-set/source/p66_112.jpg,lora-d-training-set/target/p66_112.jpg,,mixed,"Professional street photography, a motorbike parked in a narrow alley of an old Asian town",,
p66_114,rerun-2026-10-04,lora-d-training-set/source/p66_114.jpg,lora-d-training-set/target/p66_114.jpg,,objects,"Professional still life photography, a vintage typewriter with a sheet of paper, on a wooden desk, afternoon light",,
p66_115,rerun-2026-10-04,lora-d-training-set/source/p66_115.jpg,lora-d-training-set/target/p66_115.jpg,,mixed,"Professional landscape photography, a still alpine lake with a mirror reflection of snowy peaks at dawn",,
p66_123,rerun-2026-10-04,lora-d-training-set/source/p66_123.jpg,lora-d-training-set/target/p66_123.jpg,,city,"Professional urban photography, a neon-lit alley in a rainy city at night, puddles reflecting colored signs",,
p66_125,rerun-2026-10-04,lora-d-training-set/source/p66_125.jpg,lora-d-training-set/target/p66_125.jpg,,city,"Professional architectural photography, a row of colorful Scandinavian wooden houses along a harbor on a clear morning",,
p66_127,rerun-2026-10-04,lora-d-training-set/source/p66_127.jpg,lora-d-training-set/target/p66_127.jpg,,nature,"Professional wildlife photography, a pair of penguins walking along an icy shore under a pink sky",,
p66_130,final-pick-2026-10-05,lora-d-training-set/source/p66_130.jpg,final_picks_2026-10-05/p66_130_playground.jpg,yes,mixed,"Professional street photography, a snow-covered playground at dusk with a swing moving slightly",,
p66_132,rerun-2026-10-04,lora-d-training-set/source/p66_132.jpg,lora-d-training-set/target/p66_132.jpg,,city,"Professional urban photography, a subway platform with an arriving train and motion blur, tiled walls, cool fluorescent light",,
p66_134,rerun-2026-10-04,lora-d-training-set/source/p66_134.jpg,lora-d-training-set/target/p66_134.jpg,,mixed,"Professional landscape photography, an alpine meadow with wildflowers and cows with bells",,
p66_136,rerun-2026-10-04,lora-d-training-set/source/p66_136.jpg,lora-d-training-set/target/p66_136.jpg,,interiors,"Professional interior photography, a farmhouse pantry with jars of preserves on wooden shelves",,
p66_139,rerun-2026-10-04,lora-d-training-set/source/p66_139.jpg,lora-d-training-set/target/p66_139.jpg,,people,"Professional portrait photography, a violin maker inspecting a violin neck under a workshop lamp, wood scrolls on the bench",,
p66_142,rerun-2026-10-04,lora-d-training-set/source/p66_142.jpg,lora-d-training-set/target/p66_142.jpg,,nature,"Professional landscape photography, a canyon slot with sunbeams on smooth orange sandstone walls",,
p66_144,rerun-2026-10-04,lora-d-training-set/source/p66_144.jpg,lora-d-training-set/target/p66_144.jpg,,city,"Professional architectural photography, a floating market of wooden boats loaded with fruit on a brown river at sunrise",,
p66_151,rerun-2026-10-04,lora-d-training-set/source/p66_151.jpg,lora-d-training-set/target/p66_151.jpg,,nature,"Professional landscape photography, a vast salt flat with a mirror reflection of clouds after rain",,
p66_155,rerun-2026-10-04,lora-d-training-set/source/p66_155.jpg,lora-d-training-set/target/p66_155.jpg,,people,"Professional documentary photography, a street musician playing an accordion on a rainy evening, wet cobblestones reflecting warm lamp light",,
p66_156,rerun-2026-10-04,lora-d-training-set/source/p66_156.jpg,lora-d-training-set/target/p66_156.jpg,,mixed,"Professional documentary photography, a fisherman casting a net from a small boat at golden hour",,
p66_163,rerun-2026-10-04,lora-d-training-set/source/p66_163.jpg,lora-d-training-set/target/p66_163.jpg,,interiors,"Professional interior photography, a spiral staircase in a historic townhouse with a stained glass window",,
p66_164,rerun-2026-10-04,lora-d-training-set/source/p66_164.jpg,lora-d-training-set/target/p66_164.jpg,yes,people,"Professional portrait photography, a violinist tuning her instrument backstage under a single warm spotlight",,
p66_166,rerun-2026-10-04,lora-d-training-set/source/p66_166.jpg,lora-d-training-set/target/p66_166.jpg,,objects,"Professional product photography, a copper kettle on a gas stove with a soft blue flame",,
p66_167,rerun-2026-10-04,lora-d-training-set/source/p66_167.jpg,lora-d-training-set/target/p66_167.jpg,,people,"Professional documentary photography, a market porter carrying baskets of oranges through a crowded souk, warm dusty light",,
p66_173,rerun-2026-10-04,lora-d-training-set/source/p66_173.jpg,lora-d-training-set/target/p66_173.jpg,,interiors,"Professional interior photography, a modern bathroom with a freestanding tub and a plant by the window",,
p66_178,rerun-2026-10-04,lora-d-training-set/source/p66_178.jpg,lora-d-training-set/target/p66_178.jpg,,mixed,"Professional landscape photography, a big rock arch over the sea at sunrise with pink clouds",,
p66_179,rerun-2026-10-04,lora-d-training-set/source/p66_179.jpg,lora-d-training-set/target/p66_179.jpg,,people,"Professional portrait photography, a tattooed barista pouring latte art in a small corner cafe, steam rising",,
p66_186,rerun-2026-10-04,lora-d-training-set/source/p66_186.jpg,lora-d-training-set/target/p66_186.jpg,,nature,"Professional nature photography, a bee covered in pollen on a bright yellow sunflower center",,
p66_192,rerun-2026-10-04,lora-d-training-set/source/p66_192.jpg,lora-d-training-set/target/p66_192.jpg,,interiors,"Professional interior photography, a music room with a grand piano, a cello and sheet music in warm light",,
p66_193,rerun-2026-10-04,lora-d-training-set/source/p66_193.jpg,lora-d-training-set/target/p66_193.jpg,,mixed,"Professional landscape photography, a long wooden pier extending into a calm sea at sunrise",,
p66_195,rerun-2026-10-04,lora-d-training-set/source/p66_195.jpg,lora-d-training-set/target/p66_195.jpg,,mixed,"Professional documentary photography, hikers resting on a ridge with a view over cloud-filled valleys",,
p66_196,rerun-2026-10-04,lora-d-training-set/source/p66_196.jpg,lora-d-training-set/target/p66_196.jpg,,interiors,"Professional interior photography, a cozy bookstore cafe with mismatched armchairs and warm lamps",,
p66_197,rerun-2026-10-04,lora-d-training-set/source/p66_197.jpg,lora-d-training-set/target/p66_197.jpg,,city,"Professional architectural photography, the inside of a grand railway station with an arched iron roof and travelers",,
p66_198,rerun-2026-10-04,lora-d-training-set/source/p66_198.jpg,lora-d-training-set/target/p66_198.jpg,,mixed,"Professional documentary photography, a Moroccan tannery with colorful dye pits seen from a rooftop",,
p66_200,rerun-2026-10-04,lora-d-training-set/source/p66_200.jpg,lora-d-training-set/target/p66_200.jpg,,people,"Professional sports photography, a trail runner crossing a mountain ridge at dawn, mist in the valley below",,
p66_202,rerun-2026-10-04,lora-d-training-set/source/p66_202.jpg,lora-d-training-set/target/p66_202.jpg,,city,"Professional architectural photography, a modern glass library interior with long curved wooden shelves and daylight from a skylight",,
p66_203,rerun-2026-10-04,lora-d-training-set/source/p66_203.jpg,lora-d-training-set/target/p66_203.jpg,,objects,"Professional food photography, a bowl of ramen with a soft egg, nori and steam rising, dark background",,
p66_208,rerun-2026-10-04,lora-d-training-set/source/p66_208.jpg,lora-d-training-set/target/p66_208.jpg,,interiors,"Professional interior photography, a quiet hotel lobby with marble floors, a large staircase and a chandelier",,
p66_209,rerun-2026-10-04,lora-d-training-set/source/p66_209.jpg,lora-d-training-set/target/p66_209.jpg,,objects,"Professional product photography, a vintage bicycle leaning against a brick wall with a basket of flowers",,
p66_217,rerun-2026-10-04,lora-d-training-set/source/p66_217.jpg,lora-d-training-set/target/p66_217.jpg,,people,"Professional lifestyle photography, a couple sharing an umbrella on a tree-lined boulevard in autumn rain",,
p66_220,rerun-2026-10-04,lora-d-training-set/source/p66_220.jpg,lora-d-training-set/target/p66_220.jpg,,city,"Professional architectural photography, a whitewashed hill town on a Greek island with blue domes and a deep blue sea",,
p66_226,rerun-2026-10-04,lora-d-training-set/source/p66_226.jpg,lora-d-training-set/target/p66_226.jpg,,mixed,"Professional landscape photography, a black sand beach with basalt columns and a pale sea mist",,
p66_227,rerun-2026-10-04,lora-d-training-set/source/p66_227.jpg,lora-d-training-set/target/p66_227.jpg,,mixed,"Professional landscape photography, a desert dune ridge with sharp shadow and wind-sculpted ripples",,
p66_234,rerun-2026-10-04,lora-d-training-set/source/p66_234.jpg,lora-d-training-set/target/p66_234.jpg,,objects,"Professional product photography, a leather satchel hanging on a hook beside a wooden door",,
p66_239,rerun-2026-10-04,lora-d-training-set/source/p66_239.jpg,lora-d-training-set/target/p66_239.jpg,,nature,"Professional wildlife photography, a bald eagle landing with talons out above a calm lake",,
p67_005,final-pick-2026-10-05,lora-d-training-set/source/p67_005.jpg,final_picks_2026-10-05/p67_005_rainforest.jpg,,rain,"Professional nature photography, a heavy rain shower on a tropical rainforest canopy, large leaves bending under the drops, mist rising",,
p67_006,final-pick-2026-10-05,lora-d-training-set/source/p67_006.jpg,final_picks_2026-10-05/p67_006_bus_stop.jpg,,rain,"Professional street photography, a bus stop in the rain at dusk, passengers under the shelter, rain streaming off the roof edge",,
p67_007,final-pick-2026-10-05,lora-d-training-set/source/p67_007.jpg,final_picks_2026-10-05/p67_007_gargoyle.jpg,,rain,"Professional architectural photography, rain pouring from a gargoyle of an old stone cathedral, streams of water falling, grey sky",,
p67_021,final-pick-2026-10-05,lora-d-training-set/source/p67_021.jpg,final_picks_2026-10-05/p67_021_kids.jpg,,rain,"Professional documentary photography, children running with a newspaper over their heads along a school gate in the rain",,
p66_161,stay-realistic-2026-10-05,lora-d-training-set-v2/source/p66_161.jpg,lora-d-training-set-v2/target/p66_161.jpg,,nature,"Professional landscape photography, a bamboo forest path with soft green light and a lone walker",yes,"Keep this picture exactly as it is, a realistic photograph."
p66_059,stay-realistic-2026-10-05,lora-d-training-set-v2/source/p66_059.jpg,lora-d-training-set-v2/target/p66_059.jpg,,interiors,"Professional interior photography, a plant-filled conservatory with a wrought iron table and chairs",yes,"Keep this picture exactly as it is, a realistic photograph."
p66_131,stay-realistic-2026-10-05,lora-d-training-set-v2/source/p66_131.jpg,lora-d-training-set-v2/target/p66_131.jpg,,city,"Professional architectural photography, a lighthouse and fishing huts on a stormy rocky coast",yes,"Keep this picture exactly as it is, a realistic photograph."
p66_228,stay-realistic-2026-10-05,lora-d-training-set-v2/source/p66_228.jpg,lora-d-training-set-v2/target/p66_228.jpg,,people,"Professional documentary photography, a tea picker in a conical hat walking between terraced green rows, morning mist",yes,"Keep this picture exactly as it is, a realistic photograph."
p66_010,stay-realistic-2026-10-05,lora-d-training-set-v2/source/p66_010.jpg,lora-d-training-set-v2/target/p66_010.jpg,,mixed,"Professional architectural photography, a stone lighthouse on a green headland under a dramatic cloudy sky",yes,"Keep this picture exactly as it is, a realistic photograph."
p66_168,stay-realistic-2026-10-05,lora-d-training-set-v2/source/p66_168.jpg,lora-d-training-set-v2/target/p66_168.jpg,,objects,"Professional still life photography, a bouquet of wild flowers in a mason jar on a windowsill",yes,"Keep this picture exactly as it is, a realistic photograph."
p66_087,stay-realistic-2026-10-05,lora-d-training-set-v2/source/p66_087.jpg,lora-d-training-set-v2/target/p66_087.jpg,,vehicles,"Professional automotive photography, a classic red sports car on a coastal road at sunset, low angle",yes,"Keep this picture exactly as it is, a realistic photograph."
p66_183,stay-realistic-2026-10-05,lora-d-training-set-v2/source/p66_183.jpg,lora-d-training-set-v2/target/p66_183.jpg,,nature,"Professional nature photography, a close-up of a dragonfly on a reed with morning dew on its wings",yes,"Keep this picture exactly as it is, a realistic photograph."
p66_003,stay-realistic-2026-10-05,lora-d-training-set-v2/source/p66_003.jpg,lora-d-training-set-v2/target/p66_003.jpg,,interiors,"Professional interior photography, a bright Scandinavian kitchen with white cabinets, a wooden table and morning sun",yes,"Keep this picture exactly as it is, a realistic photograph."
p66_053,stay-realistic-2026-10-05,lora-d-training-set-v2/source/p66_053.jpg,lora-d-training-set-v2/target/p66_053.jpg,,city,"Professional urban photography, an elevated railway line cutting through a dense Asian city at dusk, lit apartment windows",yes,"Keep this picture exactly as it is, a realistic photograph."
p66_008,stay-realistic-2026-10-05,lora-d-training-set-v2/source/p66_008.jpg,lora-d-training-set-v2/target/p66_008.jpg,,people,"Professional sports photography, a rock climber chalking her hands on a sunlit granite wall, rope and quickdraws visible",yes,"Keep this picture exactly as it is, a realistic photograph."
p66_128,stay-realistic-2026-10-05,lora-d-training-set-v2/source/p66_128.jpg,lora-d-training-set-v2/target/p66_128.jpg,,mixed,"Professional documentary photography, a weaver at a wooden loom with colorful threads in a small workshop",yes,"Keep this picture exactly as it is, a realistic photograph."
p66_201,stay-realistic-2026-10-05,lora-d-training-set-v2/source/p66_201.jpg,lora-d-training-set-v2/target/p66_201.jpg,,objects,"Professional food photography, a rustic sourdough loaf on a wooden board with a bread knife, flour dusted around it",yes,"Keep this picture exactly as it is, a realistic photograph."
p66_090,stay-realistic-2026-10-05,lora-d-training-set-v2/source/p66_090.jpg,lora-d-training-set-v2/target/p66_090.jpg,,vehicles,"Professional documentary photography, a horse-drawn cart on a dirt road between olive trees",yes,"Keep this picture exactly as it is, a realistic photograph."
p66_140,stay-realistic-2026-10-05,lora-d-training-set-v2/source/p66_140.jpg,lora-d-training-set-v2/target/p66_140.jpg,,nature,"Professional wildlife photography, a fox curled up asleep in autumn leaves",yes,"Keep this picture exactly as it is, a realistic photograph."
p66_042,stay-realistic-2026-10-05,lora-d-training-set-v2/source/p66_042.jpg,lora-d-training-set-v2/target/p66_042.jpg,,interiors,"Professional interior photography, a sunlit loft studio with an easel, paint jars and a large north window",yes,"Keep this picture exactly as it is, a realistic photograph."
p66_187,stay-realistic-2026-10-05,lora-d-training-set-v2/source/p66_187.jpg,lora-d-training-set-v2/target/p66_187.jpg,,city,"Professional urban photography, a tram crossing a snowy bridge in a European city early morning",yes,"Keep this picture exactly as it is, a realistic photograph."
p66_093,stay-realistic-2026-10-05,lora-d-training-set-v2/source/p66_093.jpg,lora-d-training-set-v2/target/p66_093.jpg,,people,"Professional lifestyle photography, a family picnic on a checkered blanket under an old oak tree, summer afternoon",yes,"Keep this picture exactly as it is, a realistic photograph."
p66_014,stay-realistic-2026-10-05,lora-d-training-set-v2/source/p66_014.jpg,lora-d-training-set-v2/target/p66_014.jpg,,mixed,"Professional landscape photography, a field of poppies with a stone church in the background",yes,"Keep this picture exactly as it is, a realistic photograph."
p66_120,stay-realistic-2026-10-05,lora-d-training-set-v2/source/p66_120.jpg,lora-d-training-set-v2/target/p66_120.jpg,,objects,"Professional food photography, a bunch of fresh vegetables with soil still on them in a wicker basket",yes,"Keep this picture exactly as it is, a realistic photograph."
p66_102,stay-realistic-2026-10-05,lora-d-training-set-v2/source/p66_102.jpg,lora-d-training-set-v2/target/p66_102.jpg,,vehicles,"Professional automotive photography, an old pickup truck parked beside a barn in a golden wheat field",yes,"Keep this picture exactly as it is, a realistic photograph."
p66_103,stay-realistic-2026-10-05,lora-d-training-set-v2/source/p66_103.jpg,lora-d-training-set-v2/target/p66_103.jpg,,nature,"Professional landscape photography, a winding river through a green valley seen from a high lookout",yes,"Keep this picture exactly as it is, a realistic photograph."
p66_050,stay-realistic-2026-10-05,lora-d-training-set-v2/source/p66_050.jpg,lora-d-training-set-v2/target/p66_050.jpg,,interiors,"Professional interior photography, an old library with wooden ladders and green reading lamps",yes,"Keep this picture exactly as it is, a realistic photograph."
p66_068,stay-realistic-2026-10-05,lora-d-training-set-v2/source/p66_068.jpg,lora-d-training-set-v2/target/p66_068.jpg,,city,"Professional urban photography, a Havana street with vintage cars and peeling pastel facades in afternoon sun",yes,"Keep this picture exactly as it is, a realistic photograph."
p66_190,rerun-2026-10-04,rerun-2026-10-04/photos/p66_190.jpg,rerun-2026-10-04/toned/p66_190.jpg,yes,rerun,,,
p66_221,rerun-2026-10-04,rerun-2026-10-04/photos/p66_221.jpg,rerun-2026-10-04/toned/p66_221.jpg,,rerun,,,
p64_041,overnight-2026-10-04,overnight-2026-10-04/photos/p64_041.jpg,overnight-2026-10-04/toned/p64_041.jpg,,overnight,,,
p63_119,overnight-2026-10-04,overnight-2026-10-04/photos/p63_119.jpg,overnight-2026-10-04/toned/p63_119.jpg,,overnight,,,
p63_149,overnight-2026-10-04,overnight-2026-10-04/photos/p63_149.jpg,overnight-2026-10-04/toned/p63_149.jpg,,overnight,,,
p63_156,overnight-2026-10-04,overnight-2026-10-04/photos/p63_156.jpg,overnight-2026-10-04/toned/p63_156.jpg,,overnight,,,
p66_121,rerun-2026-10-04,rerun-2026-10-04/photos/p66_121.jpg,rerun-2026-10-04/toned/p66_121.jpg,,rerun,,,
p66_135,rerun-2026-10-04,rerun-2026-10-04/photos/p66_135.jpg,rerun-2026-10-04/toned/p66_135.jpg,,rerun,,,
p62_008,overnight-2026-10-04,overnight-2026-10-04/photos/p62_008.jpg,overnight-2026-10-04/toned/p62_008.jpg,,overnight,,,
p62_013,overnight-2026-10-04,overnight-2026-10-04/photos/p62_013.jpg,overnight-2026-10-04/toned/p62_013.jpg,,overnight,,,
p66_028,rerun-2026-10-04,rerun-2026-10-04/photos/p66_028.jpg,rerun-2026-10-04/toned/p66_028.jpg,yes,rerun,,,
p64_028,overnight-2026-10-04,overnight-2026-10-04/photos/p64_028.jpg,overnight-2026-10-04/toned/p64_028.jpg,,overnight,,,
p64_046,overnight-2026-10-04,overnight-2026-10-04/photos/p64_046.jpg,overnight-2026-10-04/toned/p64_046.jpg,,overnight,,,
p62_021,overnight-2026-10-04,overnight-2026-10-04/photos/p62_021.jpg,overnight-2026-10-04/toned/p62_021.jpg,,overnight,,,
p63_019,overnight-2026-10-04,overnight-2026-10-04/photos/p63_019.jpg,overnight-2026-10-04/toned/p63_019.jpg,,overnight,,,
p66_065,rerun-2026-10-04,rerun-2026-10-04/photos/p66_065.jpg,rerun-2026-10-04/toned/p66_065.jpg,,rerun,,,
p63_075,overnight-2026-10-04,overnight-2026-10-04/photos/p63_075.jpg,overnight-2026-10-04/toned/p63_075.jpg,,overnight,,,
p64_029,overnight-2026-10-04,overnight-2026-10-04/photos/p64_029.jpg,overnight-2026-10-04/toned/p64_029.jpg,,overnight,,,
p63_043,overnight-2026-10-04,overnight-2026-10-04/photos/p63_043.jpg,overnight-2026-10-04/toned/p63_043.jpg,,overnight,,,
p63_004,overnight-2026-10-04,overnight-2026-10-04/photos/p63_004.jpg,overnight-2026-10-04/toned/p63_004.jpg,,overnight,,,
p64_086,overnight-2026-10-04,overnight-2026-10-04/photos/p64_086.jpg,overnight-2026-10-04/toned/p64_086.jpg,,overnight,,,
p63_042,overnight-2026-10-04,overnight-2026-10-04/photos/p63_042.jpg,overnight-2026-10-04/toned/p63_042.jpg,,overnight,,,
p64_051,overnight-2026-10-04,overnight-2026-10-04/photos/p64_051.jpg,overnight-2026-10-04/toned/p64_051.jpg,,overnight,,,
p64_062,overnight-2026-10-04,overnight-2026-10-04/photos/p64_062.jpg,overnight-2026-10-04/toned/p64_062.jpg,,overnight,,,
p62_082,overnight-2026-10-04,overnight-2026-10-04/photos/p62_082.jpg,overnight-2026-10-04/toned/p62_082.jpg,,overnight,,,
p63_128,overnight-2026-10-04,overnight-2026-10-04/photos/p63_128.jpg,overnight-2026-10-04/toned/p63_128.jpg,,overnight,,,
p66_046,rerun-2026-10-04,rerun-2026-10-04/photos/p66_046.jpg,rerun-2026-10-04/toned/p66_046.jpg,,rerun,,,
p66_191,rerun-2026-10-04,rerun-2026-10-04/photos/p66_191.jpg,rerun-2026-10-04/toned/p66_191.jpg,,rerun,,,
p66_004,rerun-2026-10-04,rerun-2026-10-04/photos/p66_004.jpg,rerun-2026-10-04/toned/p66_004.jpg,,rerun,,,
p64_083,overnight-2026-10-04,overnight-2026-10-04/photos/p64_083.jpg,overnight-2026-10-04/toned/p64_083.jpg,,overnight,,,
p63_129,overnight-2026-10-04,overnight-2026-10-04/photos/p63_129.jpg,overnight-2026-10-04/toned/p63_129.jpg,,overnight,,,
p66_088,rerun-2026-10-04,rerun-2026-10-04/photos/p66_088.jpg,rerun-2026-10-04/toned/p66_088.jpg,,rerun,,,
p66_012,rerun-2026-10-04,rerun-2026-10-04/photos/p66_012.jpg,rerun-2026-10-04/toned/p66_012.jpg,,rerun,,,
p63_147,overnight-2026-10-04,overnight-2026-10-04/photos/p63_147.jpg,overnight-2026-10-04/toned/p63_147.jpg,,overnight,,,
p62_065,overnight-2026-10-04,overnight-2026-10-04/photos/p62_065.jpg,overnight-2026-10-04/toned/p62_065.jpg,yes,overnight,,,
p66_238,rerun-2026-10-04,rerun-2026-10-04/photos/p66_238.jpg,rerun-2026-10-04/toned/p66_238.jpg,yes,rerun,,,
p62_084,overnight-2026-10-04,overnight-2026-10-04/photos/p62_084.jpg,overnight-2026-10-04/toned/p62_084.jpg,,overnight,,,
p64_003,overnight-2026-10-04,overnight-2026-10-04/photos/p64_003.jpg,overnight-2026-10-04/toned/p64_003.jpg,,overnight,,,
p64_063,overnight-2026-10-04,overnight-2026-10-04/photos/p64_063.jpg,overnight-2026-10-04/toned/p64_063.jpg,,overnight,,,
p63_030,overnight-2026-10-04,overnight-2026-10-04/photos/p63_030.jpg,overnight-2026-10-04/toned/p63_030.jpg,,overnight,,,
p66_041,rerun-2026-10-04,rerun-2026-10-04/photos/p66_041.jpg,rerun-2026-10-04/toned/p66_041.jpg,,rerun,,,
p66_062,rerun-2026-10-04,rerun-2026-10-04/photos/p66_062.jpg,rerun-2026-10-04/toned/p66_062.jpg,,rerun,,,
p64_012,overnight-2026-10-04,overnight-2026-10-04/photos/p64_012.jpg,overnight-2026-10-04/toned/p64_012.jpg,,overnight,,,
p66_030,rerun-2026-10-04,rerun-2026-10-04/photos/p66_030.jpg,rerun-2026-10-04/toned/p66_030.jpg,,rerun,,,
p62_033,overnight-2026-10-04,overnight-2026-10-04/photos/p62_033.jpg,overnight-2026-10-04/toned/p62_033.jpg,,overnight,,,
p66_154,rerun-2026-10-04,rerun-2026-10-04/photos/p66_154.jpg,rerun-2026-10-04/toned/p66_154.jpg,,rerun,,,
p62_089,overnight-2026-10-04,overnight-2026-10-04/photos/p62_089.jpg,overnight-2026-10-04/toned/p62_089.jpg,,overnight,,,
p66_223,rerun-2026-10-04,rerun-2026-10-04/photos/p66_223.jpg,rerun-2026-10-04/toned/p66_223.jpg,,rerun,,,
p63_140,overnight-2026-10-04,overnight-2026-10-04/photos/p63_140.jpg,overnight-2026-10-04/toned/p63_140.jpg,,overnight,,,
p63_159,overnight-2026-10-04,overnight-2026-10-04/photos/p63_159.jpg,overnight-2026-10-04/toned/p63_159.jpg,,overnight,,,
p66_074,rerun-2026-10-04,rerun-2026-10-04/photos/p66_074.jpg,rerun-2026-10-04/toned/p66_074.jpg,,rerun,,,
p66_124,rerun-2026-10-04,rerun-2026-10-04/photos/p66_124.jpg,rerun-2026-10-04/toned/p66_124.jpg,,rerun,,,
p66_116,rerun-2026-10-04,rerun-2026-10-04/photos/p66_116.jpg,rerun-2026-10-04/toned/p66_116.jpg,,rerun,,,
p66_147,rerun-2026-10-04,rerun-2026-10-04/photos/p66_147.jpg,rerun-2026-10-04/toned/p66_147.jpg,,rerun,,,
p63_080,overnight-2026-10-04,overnight-2026-10-04/photos/p63_080.jpg,overnight-2026-10-04/toned/p63_080.jpg,,overnight,,,
p62_050,overnight-2026-10-04,overnight-2026-10-04/photos/p62_050.jpg,overnight-2026-10-04/toned/p62_050.jpg,,overnight,,,
p64_053,overnight-2026-10-04,overnight-2026-10-04/photos/p64_053.jpg,overnight-2026-10-04/toned/p64_053.jpg,,overnight,,,
p63_067,overnight-2026-10-04,overnight-2026-10-04/photos/p63_067.jpg,overnight-2026-10-04/toned/p63_067.jpg,,overnight,,,
p66_019,rerun-2026-10-04,rerun-2026-10-04/photos/p66_019.jpg,rerun-2026-10-04/toned/p66_019.jpg,,rerun,,,
p63_012,overnight-2026-10-04,overnight-2026-10-04/photos/p63_012.jpg,overnight-2026-10-04/toned/p63_012.jpg,,overnight,,,
p66_002,rerun-2026-10-04,rerun-2026-10-04/photos/p66_002.jpg,rerun-2026-10-04/toned/p66_002.jpg,,rerun,,,
p66_143,rerun-2026-10-04,rerun-2026-10-04/photos/p66_143.jpg,rerun-2026-10-04/toned/p66_143.jpg,,rerun,,,
p62_043,overnight-2026-10-04,overnight-2026-10-04/photos/p62_043.jpg,overnight-2026-10-04/toned/p62_043.jpg,,overnight,,,
p62_040,overnight-2026-10-04,overnight-2026-10-04/photos/p62_040.jpg,overnight-2026-10-04/toned/p62_040.jpg,,overnight,,,
p62_010,overnight-2026-10-04,overnight-2026-10-04/photos/p62_010.jpg,overnight-2026-10-04/toned/p62_010.jpg,,overnight,,,
p64_074,overnight-2026-10-04,overnight-2026-10-04/photos/p64_074.jpg,overnight-2026-10-04/toned/p64_074.jpg,,overnight,,,
p62_047,overnight-2026-10-04,overnight-2026-10-04/photos/p62_047.jpg,overnight-2026-10-04/toned/p62_047.jpg,,overnight,,,
p64_073,overnight-2026-10-04,overnight-2026-10-04/photos/p64_073.jpg,overnight-2026-10-04/toned/p64_073.jpg,,overnight,,,
p66_013,rerun-2026-10-04,rerun-2026-10-04/photos/p66_013.jpg,rerun-2026-10-04/toned/p66_013.jpg,,rerun,,,
p66_211,rerun-2026-10-04,rerun-2026-10-04/photos/p66_211.jpg,rerun-2026-10-04/toned/p66_211.jpg,,rerun,,,
p63_111,overnight-2026-10-04,overnight-2026-10-04/photos/p63_111.jpg,overnight-2026-10-04/toned/p63_111.jpg,,overnight,,,
p63_048,overnight-2026-10-04,overnight-2026-10-04/photos/p63_048.jpg,overnight-2026-10-04/toned/p63_048.jpg,,overnight,,,
p64_054,overnight-2026-10-04,overnight-2026-10-04/photos/p64_054.jpg,overnight-2026-10-04/toned/p64_054.jpg,,overnight,,,
p66_038,rerun-2026-10-04,rerun-2026-10-04/photos/p66_038.jpg,rerun-2026-10-04/toned/p66_038.jpg,yes,rerun,,,
p64_050,overnight-2026-10-04,overnight-2026-10-04/photos/p64_050.jpg,overnight-2026-10-04/toned/p64_050.jpg,,overnight,,,
p62_046,overnight-2026-10-04,overnight-2026-10-04/photos/p62_046.jpg,overnight-2026-10-04/toned/p62_046.jpg,,overnight,,,
p66_082,rerun-2026-10-04,rerun-2026-10-04/photos/p66_082.jpg,rerun-2026-10-04/toned/p66_082.jpg,,rerun,,,
p66_098,rerun-2026-10-04,rerun-2026-10-04/photos/p66_098.jpg,rerun-2026-10-04/toned/p66_098.jpg,,rerun,,,
p63_094,overnight-2026-10-04,overnight-2026-10-04/photos/p63_094.jpg,overnight-2026-10-04/toned/p63_094.jpg,,overnight,,,
p66_175,rerun-2026-10-04,rerun-2026-10-04/photos/p66_175.jpg,rerun-2026-10-04/toned/p66_175.jpg,,rerun,,,
p63_037,overnight-2026-10-04,overnight-2026-10-04/photos/p63_037.jpg,overnight-2026-10-04/toned/p63_037.jpg,,overnight,,,
p62_059,overnight-2026-10-04,overnight-2026-10-04/photos/p62_059.jpg,overnight-2026-10-04/toned/p62_059.jpg,,overnight,,,
p64_008,overnight-2026-10-04,overnight-2026-10-04/photos/p64_008.jpg,overnight-2026-10-04/toned/p64_008.jpg,,overnight,,,
p64_040,overnight-2026-10-04,overnight-2026-10-04/photos/p64_040.jpg,overnight-2026-10-04/toned/p64_040.jpg,,overnight,,,
p63_125,overnight-2026-10-04,overnight-2026-10-04/photos/p63_125.jpg,overnight-2026-10-04/toned/p63_125.jpg,,overnight,,,
p63_046,overnight-2026-10-04,overnight-2026-10-04/photos/p63_046.jpg,overnight-2026-10-04/toned/p63_046.jpg,,overnight,,,
p64_089,overnight-2026-10-04,overnight-2026-10-04/photos/p64_089.jpg,overnight-2026-10-04/toned/p64_089.jpg,,overnight,,,
p62_005,overnight-2026-10-04,overnight-2026-10-04/photos/p62_005.jpg,overnight-2026-10-04/toned/p62_005.jpg,,overnight,,,
p64_006,overnight-2026-10-04,overnight-2026-10-04/photos/p64_006.jpg,overnight-2026-10-04/toned/p64_006.jpg,yes,overnight,,,
p64_060,overnight-2026-10-04,overnight-2026-10-04/photos/p64_060.jpg,overnight-2026-10-04/toned/p64_060.jpg,yes,overnight,,,
p66_138,rerun-2026-10-04,rerun-2026-10-04/photos/p66_138.jpg,rerun-2026-10-04/toned/p66_138.jpg,,rerun,,,
p62_038,overnight-2026-10-04,overnight-2026-10-04/photos/p62_038.jpg,overnight-2026-10-04/toned/p62_038.jpg,,overnight,,,
p63_096,overnight-2026-10-04,overnight-2026-10-04/photos/p63_096.jpg,overnight-2026-10-04/toned/p63_096.jpg,,overnight,,,
p64_055,overnight-2026-10-04,overnight-2026-10-04/photos/p64_055.jpg,overnight-2026-10-04/toned/p64_055.jpg,,overnight,,,
p66_170,rerun-2026-10-04,rerun-2026-10-04/photos/p66_170.jpg,rerun-2026-10-04/toned/p66_170.jpg,,rerun,,,
p63_066,overnight-2026-10-04,overnight-2026-10-04/photos/p63_066.jpg,overnight-2026-10-04/toned/p63_066.jpg,,overnight,,,
p66_026,rerun-2026-10-04,rerun-2026-10-04/photos/p66_026.jpg,rerun-2026-10-04/toned/p66_026.jpg,,rerun,,,
p66_230,rerun-2026-10-04,rerun-2026-10-04/photos/p66_230.jpg,rerun-2026-10-04/toned/p66_230.jpg,,rerun,,,
p64_009,overnight-2026-10-04,overnight-2026-10-04/photos/p64_009.jpg,overnight-2026-10-04/toned/p64_009.jpg,,overnight,,,
p66_111,rerun-2026-10-04,rerun-2026-10-04/photos/p66_111.jpg,rerun-2026-10-04/toned/p66_111.jpg,,rerun,,,
p62_030,overnight-2026-10-04,overnight-2026-10-04/photos/p62_030.jpg,overnight-2026-10-04/toned/p62_030.jpg,,overnight,,,
p63_051,overnight-2026-10-04,overnight-2026-10-04/photos/p63_051.jpg,overnight-2026-10-04/toned/p63_051.jpg,,overnight,,,
p63_151,overnight-2026-10-04,overnight-2026-10-04/photos/p63_151.jpg,overnight-2026-10-04/toned/p63_151.jpg,,overnight,,,
p66_189,rerun-2026-10-04,rerun-2026-10-04/photos/p66_189.jpg,rerun-2026-10-04/toned/p66_189.jpg,yes,rerun,,,
p66_240,rerun-2026-10-04,rerun-2026-10-04/photos/p66_240.jpg,rerun-2026-10-04/toned/p66_240.jpg,,rerun,,,
p64_068,overnight-2026-10-04,overnight-2026-10-04/photos/p64_068.jpg,overnight-2026-10-04/toned/p64_068.jpg,,overnight,,,
p64_078,overnight-2026-10-04,overnight-2026-10-04/photos/p64_078.jpg,overnight-2026-10-04/toned/p64_078.jpg,,overnight,,,
p62_071,overnight-2026-10-04,overnight-2026-10-04/photos/p62_071.jpg,overnight-2026-10-04/toned/p62_071.jpg,,overnight,,,
p63_035,overnight-2026-10-04,overnight-2026-10-04/photos/p63_035.jpg,overnight-2026-10-04/toned/p63_035.jpg,,overnight,,,
p63_020,overnight-2026-10-04,overnight-2026-10-04/photos/p63_020.jpg,overnight-2026-10-04/toned/p63_020.jpg,,overnight,,,
p66_169,rerun-2026-10-04,rerun-2026-10-04/photos/p66_169.jpg,rerun-2026-10-04/toned/p66_169.jpg,yes,rerun,,,
p62_053,overnight-2026-10-04,overnight-2026-10-04/photos/p62_053.jpg,overnight-2026-10-04/toned/p62_053.jpg,,overnight,,,
p64_056,overnight-2026-10-04,overnight-2026-10-04/photos/p64_056.jpg,overnight-2026-10-04/toned/p64_056.jpg,,overnight,,,
p66_033,rerun-2026-10-04,rerun-2026-10-04/photos/p66_033.jpg,rerun-2026-10-04/toned/p66_033.jpg,,rerun,,,
p66_056,rerun-2026-10-04,rerun-2026-10-04/photos/p66_056.jpg,rerun-2026-10-04/toned/p66_056.jpg,,rerun,,,
p66_225,rerun-2026-10-04,rerun-2026-10-04/photos/p66_225.jpg,rerun-2026-10-04/toned/p66_225.jpg,,rerun,,,
p63_001,overnight-2026-10-04,overnight-2026-10-04/photos/p63_001.jpg,overnight-2026-10-04/toned/p63_001.jpg,,overnight,,,
p63_027,overnight-2026-10-04,overnight-2026-10-04/photos/p63_027.jpg,overnight-2026-10-04/toned/p63_027.jpg,,overnight,,,
p63_113,overnight-2026-10-04,overnight-2026-10-04/photos/p63_113.jpg,overnight-2026-10-04/toned/p63_113.jpg,,overnight,,,
p63_076,overnight-2026-10-04,overnight-2026-10-04/photos/p63_076.jpg,overnight-2026-10-04/toned/p63_076.jpg,,overnight,,,
p66_052,rerun-2026-10-04,rerun-2026-10-04/photos/p66_052.jpg,rerun-2026-10-04/toned/p66_052.jpg,,rerun,,,
p66_113,rerun-2026-10-04,rerun-2026-10-04/photos/p66_113.jpg,rerun-2026-10-04/toned/p66_113.jpg,,rerun,,,
p63_052,overnight-2026-10-04,overnight-2026-10-04/photos/p63_052.jpg,overnight-2026-10-04/toned/p63_052.jpg,,overnight,,,
p66_218,rerun-2026-10-04,rerun-2026-10-04/photos/p66_218.jpg,rerun-2026-10-04/toned/p66_218.jpg,,rerun,,,
p63_150,overnight-2026-10-04,overnight-2026-10-04/photos/p63_150.jpg,overnight-2026-10-04/toned/p63_150.jpg,,overnight,,,
p66_023,rerun-2026-10-04,rerun-2026-10-04/photos/p66_023.jpg,rerun-2026-10-04/toned/p66_023.jpg,,rerun,,,
p66_232,rerun-2026-10-04,rerun-2026-10-04/photos/p66_232.jpg,rerun-2026-10-04/toned/p66_232.jpg,,rerun,,,
p64_035,overnight-2026-10-04,overnight-2026-10-04/photos/p64_035.jpg,overnight-2026-10-04/toned/p64_035.jpg,,overnight,,,
p63_008,overnight-2026-10-04,overnight-2026-10-04/photos/p63_008.jpg,overnight-2026-10-04/toned/p63_008.jpg,,overnight,,,
p63_090,overnight-2026-10-04,overnight-2026-10-04/photos/p63_090.jpg,overnight-2026-10-04/toned/p63_090.jpg,,overnight,,,
p63_007,overnight-2026-10-04,overnight-2026-10-04/photos/p63_007.jpg,overnight-2026-10-04/toned/p63_007.jpg,,overnight,,,
p63_040,overnight-2026-10-04,overnight-2026-10-04/photos/p63_040.jpg,overnight-2026-10-04/toned/p63_040.jpg,,overnight,,,
p66_040,rerun-2026-10-04,rerun-2026-10-04/photos/p66_040.jpg,rerun-2026-10-04/toned/p66_040.jpg,,rerun,,,
p64_092,overnight-2026-10-04,overnight-2026-10-04/photos/p64_092.jpg,overnight-2026-10-04/toned/p64_092.jpg,,overnight,,,
p66_149,rerun-2026-10-04,rerun-2026-10-04/photos/p66_149.jpg,rerun-2026-10-04/toned/p66_149.jpg,,rerun,,,
p62_095,overnight-2026-10-04,overnight-2026-10-04/photos/p62_095.jpg,overnight-2026-10-04/toned/p62_095.jpg,,overnight,,,
p66_150,rerun-2026-10-04,rerun-2026-10-04/photos/p66_150.jpg,rerun-2026-10-04/toned/p66_150.jpg,,rerun,,,
p64_088,overnight-2026-10-04,overnight-2026-10-04/photos/p64_088.jpg,overnight-2026-10-04/toned/p64_088.jpg,,overnight,,,
p66_021,rerun-2026-10-04,rerun-2026-10-04/photos/p66_021.jpg,rerun-2026-10-04/toned/p66_021.jpg,,rerun,,,
p62_062,overnight-2026-10-04,overnight-2026-10-04/photos/p62_062.jpg,overnight-2026-10-04/toned/p62_062.jpg,,overnight,,,
p62_025,overnight-2026-10-04,overnight-2026-10-04/photos/p62_025.jpg,overnight-2026-10-04/toned/p62_025.jpg,,overnight,,,
p66_165,rerun-2026-10-04,rerun-2026-10-04/photos/p66_165.jpg,rerun-2026-10-04/toned/p66_165.jpg,,rerun,,,
p64_094,overnight-2026-10-04,overnight-2026-10-04/photos/p64_094.jpg,overnight-2026-10-04/toned/p64_094.jpg,,overnight,,,
p62_045,overnight-2026-10-04,overnight-2026-10-04/photos/p62_045.jpg,overnight-2026-10-04/toned/p62_045.jpg,,overnight,,,
p63_064,overnight-2026-10-04,overnight-2026-10-04/photos/p63_064.jpg,overnight-2026-10-04/toned/p63_064.jpg,,overnight,,,
p66_172,rerun-2026-10-04,rerun-2026-10-04/photos/p66_172.jpg,rerun-2026-10-04/toned/p66_172.jpg,,rerun,,,
p63_073,overnight-2026-10-04,overnight-2026-10-04/photos/p63_073.jpg,overnight-2026-10-04/toned/p63_073.jpg,,overnight,,,
p62_002,overnight-2026-10-04,overnight-2026-10-04/photos/p62_002.jpg,overnight-2026-10-04/toned/p62_002.jpg,,overnight,,,
p64_080,overnight-2026-10-04,overnight-2026-10-04/photos/p64_080.jpg,overnight-2026-10-04/toned/p64_080.jpg,,overnight,,,
p66_039,rerun-2026-10-04,rerun-2026-10-04/photos/p66_039.jpg,rerun-2026-10-04/toned/p66_039.jpg,,rerun,,,
p66_075,rerun-2026-10-04,rerun-2026-10-04/photos/p66_075.jpg,rerun-2026-10-04/toned/p66_075.jpg,,rerun,,,
p66_222,rerun-2026-10-04,rerun-2026-10-04/photos/p66_222.jpg,rerun-2026-10-04/toned/p66_222.jpg,,rerun,,,
p66_213,rerun-2026-10-04,rerun-2026-10-04/photos/p66_213.jpg,rerun-2026-10-04/toned/p66_213.jpg,,rerun,,,
p63_123,overnight-2026-10-04,overnight-2026-10-04/photos/p63_123.jpg,overnight-2026-10-04/toned/p63_123.jpg,,overnight,,,
p62_099,overnight-2026-10-04,overnight-2026-10-04/photos/p62_099.jpg,overnight-2026-10-04/toned/p62_099.jpg,,overnight,,,
p63_049,overnight-2026-10-04,overnight-2026-10-04/photos/p63_049.jpg,overnight-2026-10-04/toned/p63_049.jpg,,overnight,,,
p66_229,rerun-2026-10-04,rerun-2026-10-04/photos/p66_229.jpg,rerun-2026-10-04/toned/p66_229.jpg,yes,rerun,,,
p63_144,overnight-2026-10-04,overnight-2026-10-04/photos/p63_144.jpg,overnight-2026-10-04/toned/p63_144.jpg,,overnight,,,
p66_182,rerun-2026-10-04,rerun-2026-10-04/photos/p66_182.jpg,rerun-2026-10-04/toned/p66_182.jpg,,rerun,,,
p66_157,rerun-2026-10-04,rerun-2026-10-04/photos/p66_157.jpg,rerun-2026-10-04/toned/p66_157.jpg,yes,rerun,,,
p62_088,overnight-2026-10-04,overnight-2026-10-04/photos/p62_088.jpg,overnight-2026-10-04/toned/p62_088.jpg,,overnight,,,
p62_098,overnight-2026-10-04,overnight-2026-10-04/photos/p62_098.jpg,overnight-2026-10-04/toned/p62_098.jpg,,overnight,,,
p63_031,overnight-2026-10-04,overnight-2026-10-04/photos/p63_031.jpg,overnight-2026-10-04/toned/p63_031.jpg,,overnight,,,
p64_098,overnight-2026-10-04,overnight-2026-10-04/photos/p64_098.jpg,overnight-2026-10-04/toned/p64_098.jpg,,overnight,,,
p66_060,rerun-2026-10-04,rerun-2026-10-04/photos/p66_060.jpg,rerun-2026-10-04/toned/p66_060.jpg,yes,rerun,,,
p62_034,overnight-2026-10-04,overnight-2026-10-04/photos/p62_034.jpg,overnight-2026-10-04/toned/p62_034.jpg,,overnight,,,
p62_007,overnight-2026-10-04,overnight-2026-10-04/photos/p62_007.jpg,overnight-2026-10-04/toned/p62_007.jpg,,overnight,,,
p63_032,overnight-2026-10-04,overnight-2026-10-04/photos/p63_032.jpg,overnight-2026-10-04/toned/p63_032.jpg,,overnight,,,
p63_086,overnight-2026-10-04,overnight-2026-10-04/photos/p63_086.jpg,overnight-2026-10-04/toned/p63_086.jpg,,overnight,,,
p63_038,overnight-2026-10-04,overnight-2026-10-04/photos/p63_038.jpg,overnight-2026-10-04/toned/p63_038.jpg,,overnight,,,
p63_132,overnight-2026-10-04,overnight-2026-10-04/photos/p63_132.jpg,overnight-2026-10-04/toned/p63_132.jpg,,overnight,,,
p66_027,rerun-2026-10-04,rerun-2026-10-04/photos/p66_027.jpg,rerun-2026-10-04/toned/p66_027.jpg,,rerun,,,
p64_034,overnight-2026-10-04,overnight-2026-10-04/photos/p64_034.jpg,overnight-2026-10-04/toned/p64_034.jpg,,overnight,,,
p64_071,overnight-2026-10-04,overnight-2026-10-04/photos/p64_071.jpg,overnight-2026-10-04/toned/p64_071.jpg,,overnight,,,
p63_018,overnight-2026-10-04,overnight-2026-10-04/photos/p63_018.jpg,overnight-2026-10-04/toned/p63_018.jpg,,overnight,,,
p64_093,overnight-2026-10-04,overnight-2026-10-04/photos/p64_093.jpg,overnight-2026-10-04/toned/p64_093.jpg,,overnight,,,
p63_023,overnight-2026-10-04,overnight-2026-10-04/photos/p63_023.jpg,overnight-2026-10-04/toned/p63_023.jpg,,overnight,,,
p63_164,overnight-2026-10-04,overnight-2026-10-04/photos/p63_164.jpg,overnight-2026-10-04/toned/p63_164.jpg,,overnight,,,
p63_081,overnight-2026-10-04,overnight-2026-10-04/photos/p63_081.jpg,overnight-2026-10-04/toned/p63_081.jpg,,overnight,,,
p64_087,overnight-2026-10-04,overnight-2026-10-04/photos/p64_087.jpg,overnight-2026-10-04/toned/p64_087.jpg,,overnight,,,
p62_092,overnight-2026-10-04,overnight-2026-10-04/photos/p62_092.jpg,overnight-2026-10-04/toned/p62_092.jpg,,overnight,,,
p63_120,overnight-2026-10-04,overnight-2026-10-04/photos/p63_120.jpg,overnight-2026-10-04/toned/p63_120.jpg,,overnight,,,
p62_069,overnight-2026-10-04,overnight-2026-10-04/photos/p62_069.jpg,overnight-2026-10-04/toned/p62_069.jpg,,overnight,,,
p66_048,rerun-2026-10-04,rerun-2026-10-04/photos/p66_048.jpg,rerun-2026-10-04/toned/p66_048.jpg,,rerun,,,
p63_126,overnight-2026-10-04,overnight-2026-10-04/photos/p63_126.jpg,overnight-2026-10-04/toned/p63_126.jpg,,overnight,,,
p63_029,overnight-2026-10-04,overnight-2026-10-04/photos/p63_029.jpg,overnight-2026-10-04/toned/p63_029.jpg,,overnight,,,
p66_148,rerun-2026-10-04,rerun-2026-10-04/photos/p66_148.jpg,rerun-2026-10-04/toned/p66_148.jpg,,rerun,,,
p63_072,overnight-2026-10-04,overnight-2026-10-04/photos/p63_072.jpg,overnight-2026-10-04/toned/p63_072.jpg,,overnight,,,
p64_052,overnight-2026-10-04,overnight-2026-10-04/photos/p64_052.jpg,overnight-2026-10-04/toned/p64_052.jpg,,overnight,,,
p66_086,rerun-2026-10-04,rerun-2026-10-04/photos/p66_086.jpg,rerun-2026-10-04/toned/p66_086.jpg,,rerun,,,
p63_062,overnight-2026-10-04,overnight-2026-10-04/photos/p63_062.jpg,overnight-2026-10-04/toned/p63_062.jpg,,overnight,,,
p64_057,overnight-2026-10-04,overnight-2026-10-04/photos/p64_057.jpg,overnight-2026-10-04/toned/p64_057.jpg,,overnight,,,
p66_159,rerun-2026-10-04,rerun-2026-10-04/photos/p66_159.jpg,rerun-2026-10-04/toned/p66_159.jpg,,rerun,,,
p64_044,overnight-2026-10-04,overnight-2026-10-04/photos/p64_044.jpg,overnight-2026-10-04/toned/p64_044.jpg,,overnight,,,
p64_077,overnight-2026-10-04,overnight-2026-10-04/photos/p64_077.jpg,overnight-2026-10-04/toned/p64_077.jpg,,overnight,,,
p64_070,overnight-2026-10-04,overnight-2026-10-04/photos/p64_070.jpg,overnight-2026-10-04/toned/p64_070.jpg,,overnight,,,
p64_072,overnight-2026-10-04,overnight-2026-10-04/photos/p64_072.jpg,overnight-2026-10-04/toned/p64_072.jpg,,overnight,,,
p66_146,rerun-2026-10-04,rerun-2026-10-04/photos/p66_146.jpg,rerun-2026-10-04/toned/p66_146.jpg,,rerun,,,
p64_085,overnight-2026-10-04,overnight-2026-10-04/photos/p64_085.jpg,overnight-2026-10-04/toned/p64_085.jpg,,overnight,,,
p63_021,overnight-2026-10-04,overnight-2026-10-04/photos/p63_021.jpg,overnight-2026-10-04/toned/p63_021.jpg,,overnight,,,
p64_048,overnight-2026-10-04,overnight-2026-10-04/photos/p64_048.jpg,overnight-2026-10-04/toned/p64_048.jpg,,overnight,,,
p63_142,overnight-2026-10-04,overnight-2026-10-04/photos/p63_142.jpg,overnight-2026-10-04/toned/p63_142.jpg,,overnight,,,
p63_047,overnight-2026-10-04,overnight-2026-10-04/photos/p63_047.jpg,overnight-2026-10-04/toned/p63_047.jpg,,overnight,,,
p66_236,rerun-2026-10-04,rerun-2026-10-04/photos/p66_236.jpg,rerun-2026-10-04/toned/p66_236.jpg,,rerun,,,
p63_148,overnight-2026-10-04,overnight-2026-10-04/photos/p63_148.jpg,overnight-2026-10-04/toned/p63_148.jpg,,overnight,,,
p64_005,overnight-2026-10-04,overnight-2026-10-04/photos/p64_005.jpg,overnight-2026-10-04/toned/p64_005.jpg,,overnight,,,
p64_007,overnight-2026-10-04,overnight-2026-10-04/photos/p64_007.jpg,overnight-2026-10-04/toned/p64_007.jpg,,overnight,,,
p63_106,overnight-2026-10-04,overnight-2026-10-04/photos/p63_106.jpg,overnight-2026-10-04/toned/p63_106.jpg,,overnight,,,
p63_136,overnight-2026-10-04,overnight-2026-10-04/photos/p63_136.jpg,overnight-2026-10-04/toned/p63_136.jpg,,overnight,,,
p62_019,overnight-2026-10-04,overnight-2026-10-04/photos/p62_019.jpg,overnight-2026-10-04/toned/p62_019.jpg,,overnight,,,
p64_030,overnight-2026-10-04,overnight-2026-10-04/photos/p64_030.jpg,overnight-2026-10-04/toned/p64_030.jpg,,overnight,,,
p62_001,overnight-2026-10-04,overnight-2026-10-04/photos/p62_001.jpg,overnight-2026-10-04/toned/p62_001.jpg,,overnight,,,
p63_104,overnight-2026-10-04,overnight-2026-10-04/photos/p63_104.jpg,overnight-2026-10-04/toned/p63_104.jpg,,overnight,,,
p66_174,rerun-2026-10-04,rerun-2026-10-04/photos/p66_174.jpg,rerun-2026-10-04/toned/p66_174.jpg,,rerun,,,
p63_088,overnight-2026-10-04,overnight-2026-10-04/photos/p63_088.jpg,overnight-2026-10-04/toned/p63_088.jpg,,overnight,,,
p63_108,overnight-2026-10-04,overnight-2026-10-04/photos/p63_108.jpg,overnight-2026-10-04/toned/p63_108.jpg,,overnight,,,
p64_018,overnight-2026-10-04,overnight-2026-10-04/photos/p64_018.jpg,overnight-2026-10-04/toned/p64_018.jpg,yes,overnight,,,
p63_165,overnight-2026-10-04,overnight-2026-10-04/photos/p63_165.jpg,overnight-2026-10-04/toned/p63_165.jpg,,overnight,,,
p62_091,overnight-2026-10-04,overnight-2026-10-04/photos/p62_091.jpg,overnight-2026-10-04/toned/p62_091.jpg,,overnight,,,
p62_077,overnight-2026-10-04,overnight-2026-10-04/photos/p62_077.jpg,overnight-2026-10-04/toned/p62_077.jpg,,overnight,,,
p63_139,overnight-2026-10-04,overnight-2026-10-04/photos/p63_139.jpg,overnight-2026-10-04/toned/p63_139.jpg,,overnight,,,
p66_045,rerun-2026-10-04,rerun-2026-10-04/photos/p66_045.jpg,rerun-2026-10-04/toned/p66_045.jpg,,rerun,,,
p62_012,overnight-2026-10-04,overnight-2026-10-04/photos/p62_012.jpg,overnight-2026-10-04/toned/p62_012.jpg,,overnight,,,
p64_096,overnight-2026-10-04,overnight-2026-10-04/photos/p64_096.jpg,overnight-2026-10-04/toned/p64_096.jpg,,overnight,,,
p63_036,overnight-2026-10-04,overnight-2026-10-04/photos/p63_036.jpg,overnight-2026-10-04/toned/p63_036.jpg,,overnight,,,
p62_035,overnight-2026-10-04,overnight-2026-10-04/photos/p62_035.jpg,overnight-2026-10-04/toned/p62_035.jpg,,overnight,,,
p63_068,overnight-2026-10-04,overnight-2026-10-04/photos/p63_068.jpg,overnight-2026-10-04/toned/p63_068.jpg,,overnight,,,
p64_081,overnight-2026-10-04,overnight-2026-10-04/photos/p64_081.jpg,overnight-2026-10-04/toned/p64_081.jpg,,overnight,,,
p66_006,rerun-2026-10-04,rerun-2026-10-04/photos/p66_006.jpg,rerun-2026-10-04/toned/p66_006.jpg,,rerun,,,
p63_127,overnight-2026-10-04,overnight-2026-10-04/photos/p63_127.jpg,overnight-2026-10-04/toned/p63_127.jpg,,overnight,,,
p63_061,overnight-2026-10-04,overnight-2026-10-04/photos/p63_061.jpg,overnight-2026-10-04/toned/p63_061.jpg,,overnight,,,
p62_073,overnight-2026-10-04,overnight-2026-10-04/photos/p62_073.jpg,overnight-2026-10-04/toned/p62_073.jpg,,overnight,,,
p62_078,overnight-2026-10-04,overnight-2026-10-04/photos/p62_078.jpg,overnight-2026-10-04/toned/p62_078.jpg,,overnight,,,
p66_118,rerun-2026-10-04,rerun-2026-10-04/photos/p66_118.jpg,rerun-2026-10-04/toned/p66_118.jpg,,rerun,,,
p66_129,rerun-2026-10-04,rerun-2026-10-04/photos/p66_129.jpg,rerun-2026-10-04/toned/p66_129.jpg,,rerun,,,
p63_045,overnight-2026-10-04,overnight-2026-10-04/photos/p63_045.jpg,overnight-2026-10-04/toned/p63_045.jpg,,overnight,,,
p64_065,overnight-2026-10-04,overnight-2026-10-04/photos/p64_065.jpg,overnight-2026-10-04/toned/p64_065.jpg,,overnight,,,
p64_002,overnight-2026-10-04,overnight-2026-10-04/photos/p64_002.jpg,overnight-2026-10-04/toned/p64_002.jpg,,overnight,,,
p62_027,overnight-2026-10-04,overnight-2026-10-04/photos/p62_027.jpg,overnight-2026-10-04/toned/p62_027.jpg,,overnight,,,
p63_091,overnight-2026-10-04,overnight-2026-10-04/photos/p63_091.jpg,overnight-2026-10-04/toned/p63_091.jpg,,overnight,,,
p63_162,overnight-2026-10-04,overnight-2026-10-04/photos/p63_162.jpg,overnight-2026-10-04/toned/p63_162.jpg,,overnight,,,
p63_054,overnight-2026-10-04,overnight-2026-10-04/photos/p63_054.jpg,overnight-2026-10-04/toned/p63_054.jpg,,overnight,,,
p63_168,overnight-2026-10-04,overnight-2026-10-04/photos/p63_168.jpg,overnight-2026-10-04/toned/p63_168.jpg,,overnight,,,
p63_022,overnight-2026-10-04,overnight-2026-10-04/photos/p63_022.jpg,overnight-2026-10-04/toned/p63_022.jpg,,overnight,,,
p62_074,overnight-2026-10-04,overnight-2026-10-04/photos/p62_074.jpg,overnight-2026-10-04/toned/p62_074.jpg,,overnight,,,
p64_043,overnight-2026-10-04,overnight-2026-10-04/photos/p64_043.jpg,overnight-2026-10-04/toned/p64_043.jpg,,overnight,,,
p63_100,overnight-2026-10-04,overnight-2026-10-04/photos/p63_100.jpg,overnight-2026-10-04/toned/p63_100.jpg,,overnight,,,
p63_058,overnight-2026-10-04,overnight-2026-10-04/photos/p63_058.jpg,overnight-2026-10-04/toned/p63_058.jpg,,overnight,,,
p66_141,rerun-2026-10-04,rerun-2026-10-04/photos/p66_141.jpg,rerun-2026-10-04/toned/p66_141.jpg,,rerun,,,
p64_019,overnight-2026-10-04,overnight-2026-10-04/photos/p64_019.jpg,overnight-2026-10-04/toned/p64_019.jpg,,overnight,,,
p63_160,overnight-2026-10-04,overnight-2026-10-04/photos/p63_160.jpg,overnight-2026-10-04/toned/p63_160.jpg,,overnight,,,
p63_006,overnight-2026-10-04,overnight-2026-10-04/photos/p63_006.jpg,overnight-2026-10-04/toned/p63_006.jpg,,overnight,,,
p64_033,overnight-2026-10-04,overnight-2026-10-04/photos/p64_033.jpg,overnight-2026-10-04/toned/p64_033.jpg,,overnight,,,
p63_107,overnight-2026-10-04,overnight-2026-10-04/photos/p63_107.jpg,overnight-2026-10-04/toned/p63_107.jpg,,overnight,,,
p66_219,rerun-2026-10-04,rerun-2026-10-04/photos/p66_219.jpg,rerun-2026-10-04/toned/p66_219.jpg,,rerun,,,
p66_176,rerun-2026-10-04,rerun-2026-10-04/photos/p66_176.jpg,rerun-2026-10-04/toned/p66_176.jpg,,rerun,,,
p63_077,overnight-2026-10-04,overnight-2026-10-04/photos/p63_077.jpg,overnight-2026-10-04/toned/p63_077.jpg,,overnight,,,
p62_093,overnight-2026-10-04,overnight-2026-10-04/photos/p62_093.jpg,overnight-2026-10-04/toned/p62_093.jpg,,overnight,,,
p63_084,overnight-2026-10-04,overnight-2026-10-04/photos/p63_084.jpg,overnight-2026-10-04/toned/p63_084.jpg,,overnight,,,
p63_093,overnight-2026-10-04,overnight-2026-10-04/photos/p63_093.jpg,overnight-2026-10-04/toned/p63_093.jpg,,overnight,,,
p63_135,overnight-2026-10-04,overnight-2026-10-04/photos/p63_135.jpg,overnight-2026-10-04/toned/p63_135.jpg,,overnight,,,
p63_112,overnight-2026-10-04,overnight-2026-10-04/photos/p63_112.jpg,overnight-2026-10-04/toned/p63_112.jpg,,overnight,,,
p62_058,overnight-2026-10-04,overnight-2026-10-04/photos/p62_058.jpg,overnight-2026-10-04/toned/p62_058.jpg,,overnight,,,
p63_085,overnight-2026-10-04,overnight-2026-10-04/photos/p63_085.jpg,overnight-2026-10-04/toned/p63_085.jpg,,overnight,,,
p66_015,redo-rejects-2026-10-06,redo-rejects-2026-10-06/photos/p66_015.jpg,redo-rejects-2026-10-06/toned/p66_015.jpg,,redo,,,
p63_133,redo-rejects-2026-10-06,redo-rejects-2026-10-06/photos/p63_133.jpg,redo-rejects-2026-10-06/toned/p63_133.jpg,,redo,,,
p62_022,redo-rejects-2026-10-06,redo-rejects-2026-10-06/photos/p62_022.jpg,redo-rejects-2026-10-06/toned/p62_022.jpg,,redo,,,
p62_031,redo-rejects-2026-10-06,redo-rejects-2026-10-06/photos/p62_031.jpg,redo-rejects-2026-10-06/toned/p62_031.jpg,,redo,,,
p63_025,redo-rejects-2026-10-06,redo-rejects-2026-10-06/photos/p63_025.jpg,redo-rejects-2026-10-06/toned/p63_025.jpg,,redo,,,
p63_130,redo-rejects-2026-10-06,redo-rejects-2026-10-06/photos/p63_130.jpg,redo-rejects-2026-10-06/toned/p63_130.jpg,,redo,,,
rain_006,rain-fine2-2026-10-06,rain-fine2-2026-10-06/photos/rain_006.jpg,rain-fine2-2026-10-06/toned/rain_006.jpg,,rain,,,
rain_001,rain-fine2-2026-10-06,rain-fine2-2026-10-06/photos/rain_001.jpg,rain-fine2-2026-10-06/toned/rain_001.jpg,,rain,,,
rain_002,rain-fine2-2026-10-06,rain-fine2-2026-10-06/photos/rain_002.jpg,rain-fine2-2026-10-06/toned/rain_002.jpg,,rain,,,
rain_003,rain-fine2-2026-10-06,rain-fine2-2026-10-06/photos/rain_003.jpg,rain-fine2-2026-10-06/toned/rain_003.jpg,,rain,,,
rain_004,rain-fine2-2026-10-06,rain-fine2-2026-10-06/photos/rain_004.jpg,rain-fine2-2026-10-06/toned/rain_004.jpg,,rain,,,
rain_005,rain-fine2-2026-10-06,rain-fine2-2026-10-06/photos/rain_005.jpg,rain-fine2-2026-10-06/toned/rain_005.jpg,,rain,,,
rain_007,rain-fine2-2026-10-06,rain-fine2-2026-10-06/photos/rain_007.jpg,rain-fine2-2026-10-06/toned/rain_007.jpg,,rain,,,
rain_008,rain-fine2-2026-10-06,rain-fine2-2026-10-06/photos/rain_008.jpg,rain-fine2-2026-10-06/toned/rain_008.jpg,,rain,,,
rain_009,rain-fine2-2026-10-06,rain-fine2-2026-10-06/photos/rain_009.jpg,rain-fine2-2026-10-06/toned/rain_009.jpg,,rain,,,
rain_010,rain-fine2-2026-10-06,rain-fine2-2026-10-06/photos/rain_010.jpg,rain-fine2-2026-10-06/toned/rain_010.jpg,,rain,,,
rain_011,rain-fine2-2026-10-06,rain-fine2-2026-10-06/photos/rain_011.jpg,rain-fine2-2026-10-06/toned/rain_011.jpg,,rain,,,
rain_012,rain-fine2-2026-10-06,rain-fine2-2026-10-06/photos/rain_012.jpg,rain-fine2-2026-10-06/toned/rain_012.jpg,,rain,,,
rain_013,rain-fine2-2026-10-06,rain-fine2-2026-10-06/photos/rain_013.jpg,rain-fine2-2026-10-06/toned/rain_013.jpg,,rain,,,
rain_014,rain-fine2-2026-10-06,rain-fine2-2026-10-06/photos/rain_014.jpg,rain-fine2-2026-10-06/toned/rain_014.jpg,,rain,,,
rain_015,rain-fine2-2026-10-06,rain-fine2-2026-10-06/photos/rain_015.jpg,rain-fine2-2026-10-06/toned/rain_015.jpg,,rain,,,
p68_019,redo-dark-2026-10-06,redo-dark-2026-10-06/photos/p68_019.jpg,redo-dark-2026-10-06/toned/p68_019.jpg,,redo,,,
p68_004,redo-dark-2026-10-06,redo-dark-2026-10-06/photos/p68_004.jpg,redo-dark-2026-10-06/toned/p68_004.jpg,,redo,,,
p68_010,redo-dark-2026-10-06,redo-dark-2026-10-06/photos/p68_010.jpg,redo-dark-2026-10-06/toned/p68_010.jpg,,redo,,,
p68_013,redo-dark-2026-10-06,redo-dark-2026-10-06/photos/p68_013.jpg,redo-dark-2026-10-06/toned/p68_013.jpg,,redo,,,
p68_001,batch68-approved-2026-10-06,batch68-approved-2026-10-06/photos/p68_001.jpg,batch68-approved-2026-10-06/toned/p68_001.jpg,,batch68,,,
p68_002,batch68-approved-2026-10-06,batch68-approved-2026-10-06/photos/p68_002.jpg,batch68-approved-2026-10-06/toned/p68_002.jpg,,batch68,,,
p68_003,batch68-approved-2026-10-06,batch68-approved-2026-10-06/photos/p68_003.jpg,batch68-approved-2026-10-06/toned/p68_003.jpg,,batch68,,,
p68_005,batch68-approved-2026-10-06,batch68-approved-2026-10-06/photos/p68_005.jpg,batch68-approved-2026-10-06/toned/p68_005.jpg,,batch68,,,
p68_006,batch68-approved-2026-10-06,batch68-approved-2026-10-06/photos/p68_006.jpg,batch68-approved-2026-10-06/toned/p68_006.jpg,,batch68,,,
p68_007,batch68-approved-2026-10-06,batch68-approved-2026-10-06/photos/p68_007.jpg,batch68-approved-2026-10-06/toned/p68_007.jpg,,batch68,,,
p68_008,batch68-approved-2026-10-06,batch68-approved-2026-10-06/photos/p68_008.jpg,batch68-approved-2026-10-06/toned/p68_008.jpg,,batch68,,,
p68_009,batch68-approved-2026-10-06,batch68-approved-2026-10-06/photos/p68_009.jpg,batch68-approved-2026-10-06/toned/p68_009.jpg,,batch68,,,
p68_011,batch68-approved-2026-10-06,batch68-approved-2026-10-06/photos/p68_011.jpg,batch68-approved-2026-10-06/toned/p68_011.jpg,,batch68,,,
p68_012,batch68-approved-2026-10-06,batch68-approved-2026-10-06/photos/p68_012.jpg,batch68-approved-2026-10-06/toned/p68_012.jpg,,batch68,,,
p68_014,batch68-approved-2026-10-06,batch68-approved-2026-10-06/photos/p68_014.jpg,batch68-approved-2026-10-06/toned/p68_014.jpg,,batch68,,,
p68_015,batch68-approved-2026-10-06,batch68-approved-2026-10-06/photos/p68_015.jpg,batch68-approved-2026-10-06/toned/p68_015.jpg,,batch68,,,
p68_017,batch68-approved-2026-10-06,batch68-approved-2026-10-06/photos/p68_017.jpg,batch68-approved-2026-10-06/toned/p68_017.jpg,,batch68,,,
p68_018,batch68-approved-2026-10-06,batch68-approved-2026-10-06/photos/p68_018.jpg,batch68-approved-2026-10-06/toned/p68_018.jpg,,batch68,,,
p68_021,batch68-approved-2026-10-06,batch68-approved-2026-10-06/photos/p68_021.jpg,batch68-approved-2026-10-06/toned/p68_021.jpg,,batch68,,,
p68_022,batch68-approved-2026-10-06,batch68-approved-2026-10-06/photos/p68_022.jpg,batch68-approved-2026-10-06/toned/p68_022.jpg,,batch68,,,
p68_023,batch68-approved-2026-10-06,batch68-approved-2026-10-06/photos/p68_023.jpg,batch68-approved-2026-10-06/toned/p68_023.jpg,,batch68,,,
p68_025,batch68-approved-2026-10-06,batch68-approved-2026-10-06/photos/p68_025.jpg,batch68-approved-2026-10-06/toned/p68_025.jpg,,batch68,,,
dry_001,batch68-approved-2026-10-06,batch68-approved-2026-10-06/photos/dry_001.jpg,batch68-approved-2026-10-06/toned/dry_001.jpg,,batch68,,,
dry_002,batch68-approved-2026-10-06,batch68-approved-2026-10-06/photos/dry_002.jpg,batch68-approved-2026-10-06/toned/dry_002.jpg,,batch68,,,
dry_003,batch68-approved-2026-10-06,batch68-approved-2026-10-06/photos/dry_003.jpg,batch68-approved-2026-10-06/toned/dry_003.jpg,,batch68,,,
dry_004,batch68-approved-2026-10-06,batch68-approved-2026-10-06/photos/dry_004.jpg,batch68-approved-2026-10-06/toned/dry_004.jpg,,batch68,,,
dry_005,batch68-approved-2026-10-06,batch68-approved-2026-10-06/photos/dry_005.jpg,batch68-approved-2026-10-06/toned/dry_005.jpg,,batch68,,,
dry_006,batch68-approved-2026-10-06,batch68-approved-2026-10-06/photos/dry_006.jpg,batch68-approved-2026-10-06/toned/dry_006.jpg,,batch68,,,
dry_007,batch68-approved-2026-10-06,batch68-approved-2026-10-06/photos/dry_007.jpg,batch68-approved-2026-10-06/toned/dry_007.jpg,,batch68,,,
dry_008,batch68-approved-2026-10-06,batch68-approved-2026-10-06/photos/dry_008.jpg,batch68-approved-2026-10-06/toned/dry_008.jpg,,batch68,,,
dry_009,batch68-approved-2026-10-06,batch68-approved-2026-10-06/photos/dry_009.jpg,batch68-approved-2026-10-06/toned/dry_009.jpg,,batch68,,,
dry_010,batch68-approved-2026-10-06,batch68-approved-2026-10-06/photos/dry_010.jpg,batch68-approved-2026-10-06/toned/dry_010.jpg,,batch68,,,
